,Unnamed: 0,station,Cluster,lon_x,lat_x,color,site_x,11,21_x,22_x,23_x,24_x,41,42,43,52,71,81,82,90,95,31,Unnamed: 0_x,elev,std,variance,skew,med_dist,lon_y,lat_y,site_y,19,25,21_y,23_y,24_y,27,28,22_y,26,Unnamed: 0_y,firstmode_count,firstmode_class,firstmode_val,secondmode_count,secondmode_class,secondmode_val,thirdmode_count,thirdmode_class,thirdmode_val,sum_total
0,0,APAC,0,-98.29216,34.91418,black,8,1.4571980310922394,3.218671388377943,1.4443050087959062,0.8314566823102004,0.1744855684103763,5.57236423647522,0.6294659996676466,0.0833748775162881,0.4910808936870033,53.71347693295056,0.3587125314446488,31.41828975491797,0.0828018543031178,0.2111590540532797,0.3131571859976047,7,440,39.12649492254499,1530.3401234905857,1.5358136288582882,483.0,-98.29216,34.91418,7,99.68107725017715,0.0354358610914245,0.141743444365698,0.0354358610914245,0.0354358610914245,0.0,0.0,0.070871722182849,0.0,7,187474.0,Grassland/Herbaceous,71,109658.0,Cultivated Crops,82,19449.0,Deciduous Forest,41,349026.0
1,1,ARNE,0,-99.90308,36.07204,black,11,0.276786865517686,1.749545135456512,0.7891004426870676,0.6071546252919012,0.0320912307846592,0.1022907981261013,0.0194839615478288,0.9280669331384936,23.230326213091505,63.0257446168393,0.011461153851664,7.976676551911864,0.7699030099855303,0.3481325482442945,0.1332359135255942,10,719,40.80267401826522,1664.2690852407304,0.0973080841701839,709.0,-99.90308,36.07204,10,100.0,0.0,0.0,0.0,0.0,0.0,0.0,0.0,0.0,10,219963.0,Grassland/Herbaceous,71,81075.0,Shrub/Scrub,52,27839.0,Cultivated Crops,82,349005.0
2,2,BEAV,0,-100.53012,36.80253,black,13,0.035242947112657,3.543492088961221,0.4498489997306636,0.1813722400187962,0.0464175400995971,0.1676188948041007,0.0,0.0,35.84150415752165,53.42773476673754,0.0630361655673541,4.488748044446227,0.6888133728359971,0.9822180707495,0.0839527114147034,12,758,43.06175709379758,1853.6589937172864,-0.0608008579362076,728.0,-100.53012,36.80253,12,100.0,0.0,0.0,0.0,0.0,0.0,0.0,0.0,0.0,12,186466.0,Grassland/Herbaceous,71,125089.0,Shrub/Scrub,52,15666.0,Cultivated Crops,82,349006.0
3,3,BESS,0,-99.05847,35.40185,black,15,0.7529525021058603,2.7843197927948062,0.8156985439480154,0.630325534487402,0.1996985897898723,0.2180353326113241,0.0515720891853328,1.268100370746019,9.694406720416245,46.253860743898734,0.4260427589921667,36.86143725682328,0.018909766034622,0.018909766034622,0.0057302321317036,14,511,40.60866566027096,1648.4797806288068,0.2958110983292334,512.0,-99.05847,35.40185,14,100.0,0.0,0.0,0.0,0.0,0.0,0.0,0.0,0.0,14,161438.0,Grassland/Herbaceous,71,128656.0,Cultivated Crops,82,33836.0,Shrub/Scrub,52,349026.0
4,4,BOIS,0,-102.49713,36.69256,black,18,0.0260722573990774,2.922957911927341,1.2463112053405152,0.3266194882961349,0.0802223304586998,0.0,0.0,0.0,5.639916339569664,47.45637910781308,0.0020055582614674,42.21814743718305,0.0005730166461335,0.0770707389049651,0.0037246081998682,17,1267,55.10699706910654,3035.705778550305,0.4410158319127076,1288.0,-102.49713,36.69256,17,100.0,0.0,0.0,0.0,0.0,0.0,0.0,0.0,0.0,17,165637.0,Grassland/Herbaceous,71,147354.0,Cultivated Crops,82,19685.0,Shrub/Scrub,52,349030.0
5,5,BUFF,0,-99.64101,36.83129,black,23,0.0919694352045245,2.1863512774010183,0.6724369608256047,0.3721753779771881,0.0684756854014995,0.0008595274318179,0.0028650914393932,0.0,0.0065897103106045,73.46925327121815,0.1959722544545009,22.84280102799481,0.0214881857954496,0.0687621945454389,0.0,22,559,47.7593322923711,2280.1452588645875,0.0384567884973153,528.0,-99.64101,36.83129,22,100.0,0.0,0.0,0.0,0.0,0.0,0.0,0.0,0.0,22,256429.0,Grassland/Herbaceous,71,79728.0,Cultivated Crops,82,7631.0,Developed Open Space,21,349029.0
6,6,BUTL,0,-99.27059,35.5915,black,26,8.259262443049945,2.837330582538182,0.5037393621593742,0.2679159861314077,0.0833834780366199,0.2449926932003782,0.3467148055818218,2.346485572652512,16.427977879022322,50.53497234877791,0.5200722083727327,17.350067337172984,0.1833863434482363,0.0876815954611879,0.0060173643943952,25,520,40.66986298023479,1653.4516323098708,0.1115123159920501,487.0,-99.27059,35.5915,25,100.0,0.0,0.0,0.0,0.0,0.0,0.0,0.0,0.0,25,176362.0,Grassland/Herbaceous,71,60550.0,Cultivated Crops,82,57332.0,Shrub/Scrub,52,348990.0
7,7,CAMA,0,-99.34652,36.02866,black,29,0.4561408535449766,1.968396773777632,0.2134578743033967,0.0802257782616793,0.0083090984628167,0.0028652063664885,6.080254430325344,1.1890606420927468,9.024540492528974,69.62852599458475,0.0166181969256335,10.976605590017622,0.0730627623454579,0.1335186166783662,0.1484176897841067,28,589,54.01957102534452,2917.082188821024,0.3419028337042785,555.0,-99.34652,36.02866,28,100.0,0.0,0.0,0.0,0.0,0.0,0.0,0.0,0.0,28,243014.0,Grassland/Herbaceous,71,38310.0,Cultivated Crops,82,31497.0,Shrub/Scrub,52,349015.0
8,8,CHEY,0,-99.7279,35.54615,black,35,0.355557847628707,2.639035724825158,0.6644147047953035,0.3796246157196107,0.0719137951287715,0.0965535815075538,0.0260723320984789,3.0805463156356634,24.24984743388085,60.21562678172874,0.0856662340378593,7.842614797051247,0.1140306392878528,0.0286509143939328,0.1498442822802689,34,694,58.83642435996483,3460.502039225854,0.3166418463458197,744.0,-99.7279,35.54615,34,100.0,0.0,0.0,0.0,0.0,0.0,0.0,0.0,0.0,34,210170.0,Grassland/Herbaceous,71,84639.0,Shrub/Scrub,52,27373.0,Cultivated Crops,82,349029.0
9,9,ELKC,0,-99.39398,35.33353,black,44,0.7925456014578712,4.392238439894327,2.365889020693291,1.8254909713984449,1.018332273167489,0.0017191878556569,0.0275070056905118,1.9782121592426405,19.056051254720604,41.2413109380462,3.3062847777376634,23.884963409951805,0.0363894762780729,0.0561601366181282,0.0169053472472937,43,584,41.38842182254119,1712.3948740410003,0.4145815337888421,608.0,-99.39398,35.33353,43,100.0,0.0,0.0,0.0,0.0,0.0,0.0,0.0,0.0,43,143933.0,Grassland/Herbaceous,71,83359.0,Cultivated Crops,82,66506.0,Shrub/Scrub,52,349002.0
10,10,ERIC,0,-99.80344,35.20494,black,46,0.0681930838459753,3.714230865106632,0.8905214478709718,0.2584460572649988,0.0449845132933534,0.000573051124756,0.000573051124756,3.5437481554916923,27.26176115802172,30.65794864888872,0.3438306748536571,32.93840559985559,0.1959834846665845,0.0077361901842072,0.0730640184064021,45,603,47.64816232463183,2269.545413404427,-0.0957806865013654,610.0,-99.80344,35.20494,45,100.0,0.0,0.0,0.0,0.0,0.0,0.0,0.0,0.0,45,114958.0,Cultivated Crops,82,106999.0,Grassland/Herbaceous,71,95146.0,Shrub/Scrub,52,349009.0
11,11,EVAX,0,-101.78158,36.921853,black,48,0.0581630226434664,4.129861125039038,0.0865282405828909,0.0381068079388228,0.0300843220569653,0.0,0.0,0.0,12.378409198353095,30.61810388546182,0.0398259120563636,52.34500127500223,0.0183371105871027,0.2252026393978551,0.0323764608803532,47,1065,50.52932886622484,2552.310242193142,0.1068758505509708,1084.0,-101.78158,36.921853,47,100.0,0.0,0.0,0.0,0.0,0.0,0.0,0.0,0.0,47,182694.0,Cultivated Crops,82,106863.0,Grassland/Herbaceous,71,43203.0,Shrub/Scrub,52,349019.0
12,12,FREE,0,-99.14234,36.72562,black,52,1.5265250925427185,0.7308869202470862,0.9294383258649735,0.4970947889567599,0.0409709249687704,0.0638917221540965,1.3380015356934114,0.0163310679945448,0.2091522743161007,78.2163608650309,0.1338001535693411,12.99867059376325,0.3289134396094296,2.713535876777794,0.2564264185108358,51,530,47.93190158973213,2296.653351116512,0.2233597927314178,528.0,-99.14234,36.72562,51,100.0,0.0,0.0,0.0,0.0,0.0,0.0,0.0,0.0,51,272997.0,Grassland/Herbaceous,71,45369.0,Cultivated Crops,82,9471.0,Emergent Herbaceous Wetlands,95,349028.0
13,13,GOOD,0,-101.6013,36.60183,black,54,0.0595932189792942,3.3079966650717845,0.917964776969513,0.3810527944349102,0.0432623849320837,0.0,0.0,0.0,15.647804075832372,49.55319411058553,0.2495466044757945,29.771683479785576,0.0,0.0552956310721335,0.0126062578610045,53,997,48.62708419234744,2363.756589053521,-0.1255764235643405,1008.0,-101.6013,36.60183,53,100.0,0.0,0.0,0.0,0.0,0.0,0.0,0.0,0.0,53,172957.0,Grassland/Herbaceous,71,103913.0,Cultivated Crops,82,54616.0,Shrub/Scrub,52,349033.0
14,14,KENT,0,-102.8782,36.82937,black,69,0.12693555226994,0.8034476039839998,0.0584533920159543,0.010601840708776,0.0005730724707446,0.0002865362353723,0.1467065525106305,0.0,40.38097857855104,57.845935196965,0.0,0.2412635101834978,0.0974223200265905,0.2868227716076975,0.0005730724707446,68,1322,72.0917107253005,5195.376334799771,0.1776017820836303,1273.0,-102.8782,36.82937,68,99.1346877351392,0.4890895410082769,0.0,0.0,0.1128668171557562,0.0,0.0,0.0,0.2633559066967644,68,201880.0,Grassland/Herbaceous,71,140928.0,Shrub/Scrub,52,2804.0,Developed Open Space,21,348996.0
15,15,MAYR,0,-99.01109,36.98707,black,79,0.311730879980746,1.2781539113916436,0.3710399720359064,0.2068655288107524,0.0171910411754087,1.3956260260902702,0.0028651735292347,0.0295112873511184,0.0701967514662525,91.84915434403284,0.0355281517625115,4.282574874147253,0.0661855085253238,0.0825169976419621,0.0008595520587704,78,555,47.21142651606839,2228.130911464493,-0.1478590762559603,579.0,-99.01109,36.98707,78,100.0,0.0,0.0,0.0,0.0,0.0,0.0,0.0,0.0,78,320571.0,Grassland/Herbaceous,71,14947.0,Cultivated Crops,82,4871.0,Deciduous Forest,41,349019.0
16,16,MEDI,0,-98.56936,34.72921,black,82,3.735254255742853,2.676225433310697,0.984243507861054,0.4489984211989146,0.0687681053527374,12.866512511497168,1.2836712999177649,1.6590305416347897,5.982825165688154,69.16781996510018,0.0312321811810349,0.9647592113444452,0.019770830288912,0.1080232321582583,0.0028653377230307,81,487,70.54345196060103,4974.618310798307,0.7693119840327188,566.0,-98.56936,34.72921,81,98.38593974175036,0.2510760401721664,0.3945480631276901,0.1434720229555237,0.0717360114777618,0.1434720229555237,0.0358680057388809,0.5380200860832138,0.0358680057388809,81,241395.0,Grassland/Herbaceous,71,44904.0,Deciduous Forest,41,20880.0,Shrub/Scrub,52,348999.0
17,17,PUTN,0,-98.96038,35.89904,black,105,0.3154456636965304,2.064578976019253,0.3165916969887975,0.1375239950720568,0.0154714494456063,0.6383405437927971,7.276451880927142,1.3084835114460074,2.868807838867719,63.7031200756382,0.1017104546887087,21.12712374294473,0.0183365326762742,0.034667507091081,0.0733461307050969,104,589,32.38030836874384,1048.1137499170648,0.1949881494092042,625.0,-98.96038,35.89904,104,100.0,0.0,0.0,0.0,0.0,0.0,0.0,0.0,0.0,104,222343.0,Grassland/Herbaceous,71,73740.0,Cultivated Crops,82,25397.0,Evergreen Forest,42,349030.0
18,18,SEIL,0,-99.0403,36.19033,black,110,0.1108914295538554,2.925585260322645,0.718931774549414,0.2942777730020917,0.0785122782887761,0.0094558583340496,7.223702684890684,0.3028740078512278,0.6951488581334709,53.86744605862632,0.3137625719934668,33.27430585403594,0.1277973580904897,0.0550159030344708,0.0022923292931029,109,545,45.440333863659625,2064.092771689846,0.4909726055864694,533.0,-99.0403,36.19033,109,100.0,0.0,0.0,0.0,0.0,0.0,0.0,0.0,0.0,109,187992.0,Grassland/Herbaceous,71,116124.0,Cultivated Crops,82,25210.0,Evergreen Forest,42,348990.0
19,19,SLAP,0,-100.26192,36.59749,black,114,0.0106006560946609,3.3601214777887605,0.4899222141046027,0.2950993453378601,0.0398240864096723,0.033234489377856,0.0,0.0014325210938731,6.920509404500981,76.09838554872721,0.211153609236896,12.210523299955591,0.0997034681335682,0.0601658859426705,0.1693239932958012,113,774,47.83598435366131,2287.4696639297445,0.0233342826517644,783.0,-100.26192,36.59749,113,100.0,0.0,0.0,0.0,0.0,0.0,0.0,0.0,0.0,113,265610.0,Grassland/Herbaceous,71,42619.0,Cultivated Crops,82,24155.0,Shrub/Scrub,52,349035.0
20,20,WOOD,0,-99.41682,36.42329,black,142,0.2217574420536916,3.4040053863564737,4.393032117583016,2.8203879322694325,1.2147952898031686,0.0246397157837435,3.261897258115348,0.6308913273930608,1.6004354926510618,74.55147122023895,0.0154714494456063,7.467266424089619,0.1045755379193765,0.2340772999455634,0.0552961063518895,141,625,45.07878561676983,2031.3775863419216,0.2616912524013109,622.0,-99.41682,36.42329,141,100.0,0.0,0.0,0.0,0.0,0.0,0.0,0.0,0.0,141,260207.0,Grassland/Herbaceous,71,26063.0,Cultivated Crops,82,15333.0,Developed Low Intensity,22,349030.0
0,0,CLAY,1,-95.32596,34.65657,blue,38,14.84498333939781,2.473447612935389,0.757534517386907,0.3334985545530861,0.0627458620679775,19.753772630770687,9.742512756892731,21.66508608216556,2.754228182919946,3.8954006423571816,21.427282130035785,0.0077357912138602,2.0995510375988102,0.1217670839218742,0.0604537757823893,37,186,74.12424542588182,5492.461588249061,0.883450900167637,106.0,-95.32596,34.65657,37,82.8411214953271,2.8785046728971966,5.08411214953271,0.7476635514018692,3.6261682242990654,0.7102803738317757,2.953271028037383,0.4485981308411215,0.7102803738317757,37,75617.0,Mixed Forest,43,74787.0,Pasture/Hay,81,68946.0,Deciduous Forest,41,349027.0
1,1,TALI,1,-95.01152,34.7107,blue,122,0.7377842976580005,2.533393693161957,0.9678583912577576,0.3512712811373625,0.072489097983485,20.71497745101972,12.98958792956237,16.747560297749686,5.046444595980723,8.060615784859234,28.4357826816955,0.0,3.1304975674607043,0.1360961325776894,0.0756407978958105,121,204,96.5834856882316,9325.067629916202,0.7566889462804838,135.0,-95.01152,34.7107,121,81.7572598659717,4.6537602382725245,6.887565152643335,0.5212211466865228,1.600893521965748,0.3350707371556217,2.047654504839911,0.9307520476545048,1.2658227848101269,121,99246.0,Pasture/Hay,81,72299.0,Deciduous Forest,41,58452.0,Mixed Forest,43,349018.0
2,2,WILB,1,-95.34805,34.90092,blue,140,0.5810405439089589,3.0433001269235507,1.3597723971360547,0.6701448876740901,0.3521197379014351,23.395477166653773,10.322637946990078,19.22734214062442,3.2962877010219778,5.04141489675643,30.141621469849213,0.0,2.286342968635844,0.2274882602878271,0.0550097556363511,139,199,64.39989802995478,4145.8798175008815,1.3047714381945374,164.0,-95.34805,34.90092,139,92.26478244700633,2.38006693938267,1.1528449237634808,0.4462625511342506,1.4503532911863146,0.2975083674228337,1.0412792859799185,0.4090740052063964,0.5578281889178133,139,105203.0,Pasture/Hay,81,81657.0,Deciduous Forest,41,67109.0,Mixed Forest,43,349029.0
3,3,WIST,1,-94.68778,34.98426,blue,141,4.331219681318965,4.442107615737491,1.966470010114584,0.8833785576545625,0.2922627728860376,17.22086756198406,5.003424058956851,14.063856550554297,2.695694281678276,5.980498623213114,41.05002564462566,0.0,1.6785052191827532,0.1979937020237764,0.19369572006957,140,143,77.10663717997785,5943.328918975644,1.9085000850281653,98.0,-94.68778,34.98426,140,87.82245827010622,1.707132018209408,3.907435508345978,0.5311077389984825,1.8209408194233687,0.9863429438543246,1.4415781487101669,1.024279210925645,0.7587253414264037,140,143265.0,Pasture/Hay,81,60101.0,Deciduous Forest,41,49083.0,Mixed Forest,43,349001.0
0,0,ANT2,2,-95.66844,34.24967,green,6,0.9397984590743558,3.0990427235817783,1.2715931589548752,0.7329281885098177,0.110884757213956,25.2923260298386,6.929867539991576,12.954032967442286,3.819077335671369,7.412087298108084,33.34192905094682,0.0,3.4514671457346617,0.5260579179452797,0.1189074269865419,5,172,44.46847319385469,1976.7453753163552,1.3000943772281714,175.0,-95.66844,34.24967,5,98.121387283237,0.0,0.0361271676300578,0.2167630057803468,0.8309248554913294,0.3251445086705202,0.4696531791907514,0.0,0.0,5,116367.0,Pasture/Hay,81,88273.0,Deciduous Forest,41,45211.0,Mixed Forest,43,349011.0
1,1,ANTL,2,-95.70059,34.22438,green,7,0.4188751683236398,2.9401484113113487,1.1749706328968856,0.6950691917600206,0.1077271294731112,30.432341059507777,4.9500042976248455,6.867031487264705,3.184826519210384,10.751224823081111,34.046357046672206,0.0,3.7982408388963695,0.5538205884880956,0.0793628054894994,6,179,39.03278516283597,1523.019386433488,1.5157415438344015,195.0,-95.70059,34.22438,6,99.02737752161384,0.0,0.0360230547550432,0.1440922190201729,0.4682997118155619,0.2521613832853026,0.0720461095100864,0.0,0.0,6,118832.0,Pasture/Hay,81,106218.0,Deciduous Forest,41,37525.0,Grassland/Herbaceous,71,349030.0
2,2,BBOW,2,-94.6131,34.0144,green,12,1.2502972464237316,2.2713924311749185,1.3204903778109482,0.3999575976185905,0.0936863427086526,8.581898194174256,30.066726450204417,12.60554038683578,7.351369625569781,3.667519489337807,17.41792417422795,0.007162564427267,14.32684786999659,0.369015319292797,0.2701719301965121,11,113,55.5364262094533,3083.2036228049574,1.4126897836109733,100.0,-94.6131,34.0144,11,99.85207100591715,0.03698224852071,0.0,0.0,0.0,0.0,0.0,0.03698224852071,0.0739644970414201,11,104944.0,Evergreen Forest,42,60795.0,Pasture/Hay,81,50006.0,Woody Wetlands,90,349037.0
3,3,BEEX,2,-96.64386,34.19121,green,14,9.34728855856811,3.490620908197501,0.7612722443635197,0.5578460894903172,0.164173502454007,36.57602264620181,0.6672950911263219,0.1292185857011469,1.206517659395853,25.91162136375748,12.593225049495588,0.2366619773595284,6.617080347600861,1.716515625134304,0.0246403511536555,13,196,33.9869987377265,1154.7083471999176,0.8981692975883985,164.0,-96.64386,34.19121,13,100.0,0.0,0.0,0.0,0.0,0.0,0.0,0.0,0.0,13,127658.0,Deciduous Forest,41,90437.0,Grassland/Herbaceous,71,43953.0,Pasture/Hay,81,349021.0
4,4,BROK,2,-94.6244,34.0433,green,22,0.9454937196295956,2.694370587695975,1.6675071055285595,0.4541234986705785,0.0954089117080773,6.396981296415147,36.580865499220685,14.112783075089393,9.52026221692491,5.024296323461997,14.525362152745943,0.0071628312093151,7.361671403685706,0.2853671953791143,0.328344182635005,21,113,61.8311701747912,3821.744595443274,1.161743092757141,93.0,-94.6244,34.0433,21,99.85390796201608,0.0365230094959824,0.0,0.0,0.0,0.0,0.0,0.0365230094959824,0.0730460189919649,21,127676.0,Evergreen Forest,42,50697.0,Pasture/Hay,81,49257.0,Mixed Forest,43,349024.0
5,5,CATO,2,-95.7572,36.2619,green,31,2.4296045016445675,10.274247338322429,8.050356991416162,6.500338081758484,2.9375866692643573,26.48011047824244,0.135232703393424,0.185944967165958,1.3196648979451506,5.607859541354848,29.801620500361004,2.075764695096096,1.9353748123359729,0.4019734806376566,1.8643203410614624,30,232,18.82354779091964,354.2005707040428,0.5025175820879978,264.0,-95.7572,36.2619,30,100.0,0.0,0.0,0.0,0.0,0.0,0.0,0.0,0.0,30,104016.0,Pasture/Hay,81,92423.0,Deciduous Forest,41,35860.0,Developed Open Space,21,349028.0
6,6,CLAR,2,-95.6417,36.3172,green,37,2.260022978428356,6.4224993768319,5.309678731774124,3.7527612793426224,1.2712629253659502,31.31197657460969,0.1699028430791094,0.1315099577964776,1.5872879437744791,2.9402073788833403,40.05294780000172,2.121350168900044,2.086681966517966,0.54810141451996,0.0338086601742578,36,213,19.12915656997681,365.7951918742021,0.4988213025619973,227.0,-95.6417,36.3172,36,100.0,0.0,0.0,0.0,0.0,0.0,0.0,0.0,0.0,36,139794.0,Pasture/Hay,81,109286.0,Deciduous Forest,41,22416.0,Developed Open Space,21,349023.0
7,7,CLOU,2,-95.2487,34.22321,green,39,0.0724936675491982,1.7057502091714516,0.3788009031622139,0.0547284209561141,0.0048711160013295,21.398526057605245,24.13609325035244,16.934004974269044,11.002991438297286,15.23771046086488,7.337046842943759,0.0,1.6475833533908697,0.0636110442526562,0.0257882611835092,38,221,58.00439535708602,3363.320587746889,0.8498394794634158,260.0,-95.2487,34.22321,38,98.3411467724486,0.1803101334294987,0.1803101334294987,0.0,0.4688063469166967,0.2163721601153985,0.4688063469166967,0.1081860800576992,0.0360620266858997,38,84234.0,Evergreen Forest,42,74680.0,Deciduous Forest,41,59099.0,Mixed Forest,43,348996.0
8,8,CLRM,2,-95.64617,36.32112,green,40,2.277441609938344,6.351280111852208,5.205539893190309,3.660695867427629,1.2411469435467235,31.395115634096587,0.1269224598317632,0.1274954731944348,1.612459602557932,3.647516560086181,39.941323431662425,2.0359164775722567,1.7551399298631642,0.5389190675926563,0.0830869375873845,39,207,19.10612475652813,364.9151034933688,0.4899107773084408,215.0,-95.64617,36.32112,39,100.0,0.0,0.0,0.0,0.0,0.0,0.0,0.0,0.0,39,139408.0,Pasture/Hay,81,109579.0,Deciduous Forest,41,22168.0,Developed Open Space,21,349032.0
9,9,COOK,2,-94.84896,35.68001,green,41,2.144662269416572,3.020864970802794,0.6042876053706814,0.1911141928792055,0.0289393305559216,75.01217744107551,0.50228362836169,4.459235657839693,0.937806226827046,1.4518375042262883,11.3350486811115,0.0,0.0601708853142925,0.0120341770628585,0.2395374291559457,40,299,63.198400477028194,3992.6230025137625,0.2326312567818947,345.0,-94.84896,35.68001,40,98.45531445384331,0.0,0.1103346818683339,0.2942258183155572,0.3677822728944465,0.2206693637366679,0.3310040456050018,0.1838911364472232,0.0367782272894446,40,261797.0,Deciduous Forest,41,39560.0,Pasture/Hay,81,15563.0,Mixed Forest,43,349006.0
10,10,COPA,2,-95.88553,36.90987,green,42,6.437518622934286,3.518875060166403,1.3941415113800453,0.3787618327259391,0.0309427215842673,15.885076439982582,0.2767654541703913,0.0140388273854546,0.3054161223039721,10.076726489261729,54.79153773866007,4.466639162025259,1.0692429347452383,1.2904260927364826,0.0638909899378853,41,250,22.335559449761067,498.70049711838976,-0.0143003983861673,257.0,-95.88553,36.90987,41,100.0,0.0,0.0,0.0,0.0,0.0,0.0,0.0,0.0,41,191240.0,Pasture/Hay,81,55444.0,Deciduous Forest,41,35171.0,Grassland/Herbaceous,71,349032.0
11,11,EUFA,2,-95.65707,35.30324,green,47,29.9733828429645,2.66572690051945,1.810195889669162,1.1171183560968765,0.3145924480621621,33.08492563527332,0.1604478787930881,0.1037180930769605,2.6190251072278903,5.561238084596145,22.14180727344616,0.0,0.1475547456757864,0.2283517132108772,0.0719150313876162,46,200,21.192245833504145,448.9523622774871,1.0173789529994155,203.0,-95.65707,35.30324,46,100.0,0.0,0.0,0.0,0.0,0.0,0.0,0.0,0.0,46,115474.0,Deciduous Forest,41,104614.0,Open Water,11,77280.0,Pasture/Hay,81,349023.0
12,12,HASK,2,-95.64047,35.74798,green,58,3.4639352481913903,2.8341809325979512,1.3173841415371392,0.4899362509848864,0.0959816632046415,18.8433493302772,0.0234940190530764,0.028078217892701,1.525105651457632,1.915908602535635,59.3209655468806,9.311653892987607,0.1951149631115249,0.2065754602105866,0.42833607907743,57,183,19.40044300488052,376.2436269727056,0.5232275559428987,183.0,-95.64047,35.74798,57,100.0,0.0,0.0,0.0,0.0,0.0,0.0,0.0,0.0,57,207045.0,Pasture/Hay,81,65768.0,Deciduous Forest,41,32500.0,Cultivated Crops,82,349025.0
13,13,HECT,2,-96.0024,35.84162,green,59,0.4054127617634165,4.614256203674787,1.352617419282749,0.767275884100657,0.1286433427786389,33.76787469164277,0.0020055754998896,0.0174771579276101,0.8606784002383769,6.301231709867718,50.44165637615428,1.183289544934919,0.0550100708541173,0.0401115099977938,0.062459351282279,58,243,24.244374203319307,587.5818340888949,0.3934034064980221,271.0,-96.0024,35.84162,58,100.0,0.0,0.0,0.0,0.0,0.0,0.0,0.0,0.0,58,176055.0,Pasture/Hay,81,117859.0,Deciduous Forest,41,21993.0,Grassland/Herbaceous,71,349027.0
14,14,HUGO,2,-95.54011,34.03084,green,65,1.2600347240128582,3.6629249537299664,2.1373031016680133,1.1291034214039732,0.2512620402363066,21.43663440656892,0.8191085211352346,4.44077722196437,1.8505148436559915,3.862616677840235,55.35930185252036,0.0085950526876729,2.522934465588274,0.9993181258201114,0.2595705911677238,64,175,19.515915156384786,380.7361705255366,0.7173740763006454,198.0,-95.54011,34.03084,64,100.0,0.0,0.0,0.0,0.0,0.0,0.0,0.0,0.0,64,193225.0,Pasture/Hay,81,74822.0,Deciduous Forest,41,15500.0,Mixed Forest,43,349038.0
15,15,IDAB,2,-94.8803,33.83013,green,66,3.1675128648871675,2.622832452752341,2.163249401166722,0.7741854148281434,0.2756352217115744,10.058106884577036,1.5202915659060434,5.6897757097177175,1.6816040709201976,0.7830676309124043,42.91227808785945,16.13698096340527,10.620551728880384,0.7077120557459343,0.8862159467296253,65,110,14.967789749078882,223.95545370583235,0.5374495649536096,99.0,-94.8803,33.83013,65,100.0,0.0,0.0,0.0,0.0,0.0,0.0,0.0,0.0,65,149769.0,Pasture/Hay,81,56320.0,Cultivated Crops,82,37067.0,Woody Wetlands,90,349012.0
16,16,INOL,2,-95.45067,36.14246,green,67,0.5318066813945026,3.247860309055327,2.109748165467523,1.2137570594758151,0.3140410144441674,11.368513949896704,0.0220631004673365,0.0375359241717025,1.3409780543783794,2.9097504577377014,67.23343046828214,9.58856615635002,0.0415473969839455,0.0234957693288519,0.0169054925658812,66,190,22.50170627003336,506.1472365575172,0.8993016085775867,190.0,-95.45067,36.14246,66,100.0,0.0,0.0,0.0,0.0,0.0,0.0,0.0,0.0,66,234644.0,Pasture/Hay,81,39676.0,Deciduous Forest,41,33464.0,Cultivated Crops,82,348999.0
17,17,JAYX,2,-94.78287,36.4821,green,68,3.90824883749581,4.246614197592764,1.2053370617509618,0.558116614283545,0.2074314315920362,45.76642189375729,0.2432448693669044,1.245734619561013,1.6244975374680184,2.9716558128074584,37.80552443765741,0.0,0.1535680211786345,0.0177634651363345,0.0458412003518312,67,304,40.92211747945493,1674.0271230295573,0.2632819906667775,332.0,-94.78287,36.4821,67,100.0,0.0,0.0,0.0,0.0,0.0,0.0,0.0,0.0,67,159739.0,Deciduous Forest,41,131953.0,Pasture/Hay,81,14822.0,Developed Open Space,21,349031.0
18,18,LANE,2,-95.99716,34.30876,green,74,1.2970566240999826,2.317625586999063,0.637497457173064,0.3515547775062245,0.0240673197314774,36.966543560416135,5.747218648734603,5.817128482240324,6.140031688637646,14.555571154744271,25.04777649482409,0.0,0.700530913612648,0.3733299715489899,0.0240673197314774,73,181,32.705185191419964,1069.2506426023845,1.1579631027649224,180.0,-95.99716,34.30876,73,100.0,0.0,0.0,0.0,0.0,0.0,0.0,0.0,0.0,73,129021.0,Deciduous Forest,41,87422.0,Pasture/Hay,81,50802.0,Grassland/Herbaceous,71,349021.0
19,19,MCAL,2,-95.78096,34.88231,green,80,0.8289445784789597,4.331256912647064,5.006045879919083,4.014063117840217,1.6959982578696724,41.42172734514238,0.0968486925426506,0.0893987931162929,4.059622118178328,20.02418351967633,17.824457446747548,0.0,0.4487131731413933,0.0739259250769345,0.0848142396231497,79,230,31.64056996359333,1000.7727858206844,1.350578689046368,242.0,-95.78096,34.88231,79,99.48529411764706,0.0367647058823529,0.2573529411764705,0.0735294117647058,0.0,0.0,0.1470588235294117,0.0,0.0,79,144561.0,Deciduous Forest,41,69884.0,Grassland/Herbaceous,71,62207.0,Pasture/Hay,81,348998.0
20,20,MIAM,2,-94.84437,36.88832,green,83,1.6402319531509644,4.482059157221604,5.3607650786738335,2.7309503890716145,0.9640839340354576,6.136043273473224,0.0017190203875817,0.3134347173357475,0.0713393460846445,0.2902279421033933,53.76837919297724,14.337203039228044,7.586609977194329,0.6050951764287924,1.7118578026335391,82,247,27.280876174277378,743.9828480758741,1.2498687991374835,240.0,-94.84437,36.88832,82,100.0,0.0,0.0,0.0,0.0,0.0,0.0,0.0,0.0,82,187671.0,Pasture/Hay,81,50042.0,Cultivated Crops,82,26480.0,Woody Wetlands,90,349036.0
21,21,MTHE,2,-94.82275,34.31072,green,86,0.157296224031081,4.262756322649223,0.6661452110605892,0.0862407348512848,0.0186234145027691,12.942413537216746,43.34528097002203,12.49917627205084,14.951163676892351,8.35073906304169,2.6625752457574428,0.0,0.027791864719517,0.0229211255418697,0.0068763376625609,85,284,75.523302987537,5701.752402600586,0.6512257354130031,317.0,-94.82275,34.31072,85,96.06118546845124,1.18546845124283,0.9177820267686424,0.3441682600382409,0.2676864244741873,0.0764818355640535,0.3824091778202677,0.3824091778202677,0.3824091778202677,85,151285.0,Evergreen Forest,42,52183.0,Shrub/Scrub,52,45172.0,Deciduous Forest,41,349023.0
22,22,NOWA,2,-95.60795,36.74374,green,91,2.844781892414584,4.211732683905164,1.737124847790273,0.5280424038392666,0.1249194183797722,23.6934317026001,0.3443879378268032,0.1002793496167896,0.7002363727526681,7.819210658262301,53.09591003509777,1.6480194828450685,2.6952224052718288,0.3953871499176277,0.0613136594799799,90,206,22.13049011419499,489.5856553383048,0.2136102997531637,183.0,-95.60795,36.74374,90,100.0,0.0,0.0,0.0,0.0,0.0,0.0,0.0,0.0,90,185318.0,Pasture/Hay,81,82696.0,Deciduous Forest,41,27291.0,Grassland/Herbaceous,71,349025.0
23,23,OKMU,2,-95.91473,35.58211,green,98,0.9160353462997558,5.611683533713081,3.1564108147757617,1.5945375984229408,0.5710536268925285,35.17896643018418,0.0392545644175998,0.1335228249532956,1.4635935404751808,4.721722387135964,40.837354299664185,2.7544096915794665,2.4489690662571206,0.5401084228260994,0.0323778524028377,97,205,24.28754338617606,589.6757329899077,0.5061343249394514,197.0,-95.91473,35.58211,97,100.0,0.0,0.0,0.0,0.0,0.0,0.0,0.0,0.0,97,142524.0,Pasture/Hay,81,122776.0,Deciduous Forest,41,19585.0,Developed Open Space,21,349004.0
24,24,PORT,2,-95.55976,35.8257,green,102,5.65427924701298,2.7262829145296696,1.6790349846709265,0.6315005300707716,0.0618893441448669,20.997965674335976,0.0770751554396722,0.0865304719062491,1.37933010515458,2.680152431162431,41.93748030142403,20.86931606544225,0.2756368012377869,0.2876708403770666,0.6558551330907424,101,193,18.14158390451852,329.00031698449214,0.5739678118961875,204.0,-95.55976,35.8257,101,100.0,0.0,0.0,0.0,0.0,0.0,0.0,0.0,0.0,101,146366.0,Pasture/Hay,81,73285.0,Deciduous Forest,41,72836.0,Cultivated Crops,82,349010.0
25,25,PRES,2,-95.9886,35.7247,green,103,0.5389623041569724,4.109981547489427,1.0985547443582309,0.7891027036939404,0.1690525036962327,48.537552578193946,0.03438356007381,0.0429794500922625,1.2277796243023005,14.253991358265235,28.304260123093144,0.1765022750455582,0.4206255515696095,0.2799394849342701,0.0163321910350597,102,300,22.993058835091915,528.4936109640536,0.3960376694377266,386.0,-95.9886,35.7247,102,100.0,0.0,0.0,0.0,0.0,0.0,0.0,0.0,0.0,102,169398.0,Deciduous Forest,41,98783.0,Pasture/Hay,81,49747.0,Grassland/Herbaceous,71,349004.0
26,26,PRYO,2,-95.27138,36.36914,green,104,0.8675422310848289,3.613995278369892,2.6837080840725203,1.5903985880950746,0.5091223727337322,10.7677806046437,0.0025785601320222,0.0375323752549909,0.6503701666322859,1.570056613720232,72.65035870636504,4.8279240871897136,0.145258887437255,0.0595933897178482,0.0237800545508721,103,201,28.63432209718704,819.6341632390947,0.8309205566526405,187.0,-95.27138,36.36914,103,100.0,0.0,0.0,0.0,0.0,0.0,0.0,0.0,0.0,103,253573.0,Pasture/Hay,81,37583.0,Deciduous Forest,41,16851.0,Cultivated Crops,82,349032.0
27,27,SALL,2,-94.79805,35.43815,green,109,5.905781425055229,4.246168305171678,3.230400261320298,1.6364037513216447,0.4782276065410304,23.350630521179266,0.1375369988853772,2.5040329859569,0.874219549165179,1.7994424020836854,53.61134909469136,0.1733539256784442,1.5418470645879476,0.2498588813084353,0.2607472270535277,108,157,61.28709041207639,3754.776442159181,1.4107310870999148,135.0,-94.79805,35.43815,108,98.75730994152046,0.0,0.1096491228070175,0.2923976608187134,0.3654970760233917,0.1096491228070175,0.1461988304093567,0.1827485380116958,0.0365497076023391,108,187102.0,Pasture/Hay,81,81493.0,Deciduous Forest,41,20611.0,Open Water,11,348997.0
28,28,STIG,2,-95.18116,35.26527,green,116,3.096106515691123,2.517627980138617,1.3787215022677848,0.668158467017555,0.2466914408671161,22.670399032717416,0.1928261785175019,1.913362882822998,1.193631292279217,6.919967107807884,53.88302642549546,2.6752125242465308,0.5962426114337614,0.3360848549792418,1.7119411837177918,115,173,53.001467082028746,2808.1618250112083,2.115378315978193,164.0,-95.18116,35.26527,115,96.7870036101083,0.2527075812274368,1.0108303249097472,0.2166064981949458,0.5415162454873645,0.2527075812274368,0.6859205776173285,0.2166064981949458,0.0361010830324909,115,188062.0,Pasture/Hay,81,79124.0,Deciduous Forest,41,24152.0,Grassland/Herbaceous,71,349019.0
29,29,TAHL,2,-94.98671,35.97235,green,120,0.6008131176098124,5.380959066204047,2.9997679262635844,1.5652084222710565,0.5641397370404009,33.44297146066064,1.0343039363716846,3.405467198812699,0.942620484948156,2.1290616485257585,46.72303288857309,0.0203422657845954,0.9494967438049204,0.1466935222776461,0.0951215808519111,119,290,47.90978132965015,2294.5354967200096,-0.1133769970556102,313.0,-94.98671,35.97235,119,100.0,0.0,0.0,0.0,0.0,0.0,0.0,0.0,0.0,119,163076.0,Pasture/Hay,81,116725.0,Deciduous Forest,41,18781.0,Developed Open Space,21,349027.0
30,30,TALA,2,-95.74515,36.57431,green,121,0.8326074997707895,2.4594297240304392,0.7039630512514898,0.2329352709269276,0.0323759970661043,9.763511964793253,0.0,0.0037246722288438,0.5555491885944807,27.097850004584213,56.51273264875768,1.6600577610708718,0.0206289538828275,0.0595947556615017,0.0650385073805812,120,228,22.10458806577545,488.4398532696374,0.7485842358312033,243.0,-95.74515,36.57431,120,100.0,0.0,0.0,0.0,0.0,0.0,0.0,0.0,0.0,120,197243.0,Pasture/Hay,81,94578.0,Grassland/Herbaceous,71,34077.0,Deciduous Forest,41,349024.0
31,31,TULL,2,-95.4133,35.8397,green,125,5.38943773351365,4.349084282668989,3.35973135902079,1.9153849680243888,0.8034015632521145,27.123398354230176,0.1343777935682031,0.248412680220964,1.0618424370229445,3.0674811469961263,37.26562679074885,12.461033305063378,1.953492103513879,0.715439979829005,0.1518555023265409,124,189,22.10963563868321,488.6630100186871,1.4163424846014867,196.0,-95.4133,35.8397,124,100.0,0.0,0.0,0.0,0.0,0.0,0.0,0.0,0.0,124,130063.0,Pasture/Hay,81,94665.0,Deciduous Forest,41,43491.0,Cultivated Crops,82,349016.0
32,32,VALL,2,-95.114913,33.938606,green,127,3.038907529075348,1.7655806330532051,1.388797359365285,0.5733409358551548,0.1676184145303675,14.98336709578891,1.9836278355448456,9.191219660350653,1.2337861418252356,1.8395046517691624,46.716828029237234,5.449460899065062,9.945072734930818,0.9710406954588304,0.7518473841498882,126,120,21.47896489507758,461.1826246691205,0.9329650626775776,104.0,-95.114913,33.938606,126,100.0,0.0,0.0,0.0,0.0,0.0,0.0,0.0,0.0,126,163045.0,Pasture/Hay,81,52293.0,Deciduous Forest,41,34709.0,Woody Wetlands,90,349007.0
33,33,VINI,2,-95.22094,36.77536,green,129,0.3865130165206379,1.850047848535033,1.026308098722702,0.1913941401303084,0.0071629543461941,12.719687809797776,0.2019953125626758,0.0151854632139316,0.6426602639405418,3.574027700577048,75.67833177658459,3.5304769381521868,0.1272140691884086,0.0323765536447976,0.0166180540831704,128,236,21.946166712464752,481.4635016331281,0.1751142796726377,229.0,-95.22094,36.77536,128,100.0,0.0,0.0,0.0,0.0,0.0,0.0,0.0,0.0,128,264131.0,Pasture/Hay,81,44394.0,Deciduous Forest,41,12474.0,Grassland/Herbaceous,71,349018.0
34,34,WEB3,2,-95.149933,35.515148,green,136,5.70256363240468,2.8636014623133432,1.6614332045978064,0.8151021671117019,0.1558578484740829,32.11846342497622,0.0859510193790898,4.222200575298823,0.721415555988494,2.88938676812707,32.9854227071133,11.682462554005893,3.318282354828729,0.6380430671907769,0.1398136581899861,135,146,38.2548207545377,1462.9147450207695,1.4663518177791723,110.0,-95.149933,35.515148,135,99.8926270579814,0.0,0.0,0.0357909806728704,0.0,0.0715819613457408,0.0,0.0,0.0,135,115131.0,Pasture/Hay,81,112105.0,Deciduous Forest,41,40776.0,Cultivated Crops,82,349036.0
35,35,WEBB,2,-95.13209,35.47298,green,137,6.485755463294854,2.631435685408196,1.5495213617908892,0.779631587543086,0.1515711539177848,29.363830939425977,0.0315176312494448,1.7440711037760988,0.4701857534576274,3.484130872665905,34.443613525075136,11.9746942073459,4.573208294294449,2.1523676904166344,0.1644647303380122,136,145,35.32248860596873,1247.236388924556,1.5100025902402814,108.0,-95.13209,35.47298,136,99.92841803865426,0.0,0.0,0.0357909806728704,0.0,0.0357909806728704,0.0,0.0,0.0,136,120212.0,Pasture/Hay,81,102483.0,Deciduous Forest,41,41793.0,Cultivated Crops,82,349011.0
36,36,WEBR,2,-95.1233,35.489,green,138,6.822948302141948,2.658525963533012,1.5841135954708505,0.8045199812049464,0.1527098112472351,29.60622070435609,0.0833743997616237,3.6679005695818097,0.6148503844963727,2.788028467630104,33.26724503478231,11.830569467206068,3.942950135805724,2.0230468615698456,0.1529963212120517,137,145,38.36270390656616,1471.1755425001795,1.603497157462641,108.0,-95.1233,35.489,137,99.85632183908046,0.0,0.0,0.035919540229885,0.035919540229885,0.0718390804597701,0.0,0.0,0.0,137,116112.0,Pasture/Hay,81,103334.0,Deciduous Forest,41,41292.0,Cultivated Crops,82,349028.0
37,37,WEST,2,-94.64496,36.011,green,139,0.1025708612800729,4.420001890971186,0.8007976460273847,0.4375019697616517,0.182507370489962,41.26041824844496,0.2269165422732338,1.5334057250585198,1.6778071610505776,1.927358055393995,47.163113455406034,0.0,0.1231996378503668,0.0226343520701836,0.1217670839218742,138,348,45.968886785749405,2112.391332182319,0.4249232210856661,362.0,-94.64496,36.011,138,99.59138187221396,0.0,0.0,0.1485884101040119,0.0371471025260029,0.1114413075780089,0.0371471025260029,0.0371471025260029,0.0371471025260029,138,164612.0,Pasture/Hay,81,144010.0,Deciduous Forest,41,15427.0,Developed Open Space,21,349027.0
0,0,BIXB,3,-95.86621,35.96305,red,16,4.9054495444387145,11.76322273795198,11.55005443814108,10.01031459515214,2.302733367715317,19.851011403357973,0.0051572975760701,0.0793650793650793,1.1432009626955475,2.7763451951177585,29.55704544152198,4.7853991175290815,0.6114262792963154,0.2704716062116784,0.3888029339292877,15,184,23.32495207651525,543.8610083995367,0.4896437033151086,157.0,-95.86621,35.96305,15,100.0,0.0,0.0,0.0,0.0,0.0,0.0,0.0,0.0,15,103160.0,Pasture/Hay,81,69284.0,Deciduous Forest,41,41056.0,Developed Open Space,21,349020.0
1,1,NORM,3,-97.4836,35.2556,red,90,1.474405624860324,7.480903782569579,13.11034834480348,16.464291649237012,4.592547174676668,7.442797302175793,0.0570164631455896,0.0681905438625645,0.4865022835236747,34.67775670301585,3.915225974293884,8.989118164471007,0.0656119098509549,0.3163124387574422,0.85897164075617,89,360,23.7612217689895,564.3960150965592,0.23812431365063,355.0,-97.4836,35.2556,89,100.0,0.0,0.0,0.0,0.0,0.0,0.0,0.0,0.0,89,121033.0,Grassland/Herbaceous,71,57464.0,Developed Medium Intensity,23,45758.0,Developed Low Intensity,22,349022.0
2,2,NRMN,3,-97.46488,35.23611,red,92,1.4547402986272089,7.663962727473302,12.269732977647372,13.930205703773956,4.112642802087124,9.63475330733502,0.1813769172800912,0.0845279472316381,0.4724968982541397,35.84214190952931,4.912363143522724,8.358238036430112,0.0595993661836634,0.3057332871056198,0.7174846775187179,91,357,24.066734394597788,579.0034703917594,0.2577412188665227,351.0,-97.46488,35.23611,91,100.0,0.0,0.0,0.0,0.0,0.0,0.0,0.0,0.0,91,125088.0,Grassland/Herbaceous,71,48616.0,Developed Medium Intensity,23,42821.0,Developed Low Intensity,22,348997.0
3,3,OKCE,3,-97.46414,35.47226,red,94,1.125694426537623,9.883132920187148,19.035381014185067,29.169209435319125,18.188746493844352,8.286130951869328,0.3269069332347742,0.080222560303012,0.4415105908105057,11.810479931467013,0.8303034991361748,0.6291740800907661,0.0048706554469685,0.0498525910454432,0.1383839165226958,93,355,25.62369791204946,656.3417257011617,0.024901518678693,350.0,-97.46414,35.47226,93,100.0,0.0,0.0,0.0,0.0,0.0,0.0,0.0,0.0,93,101809.0,Developed Medium Intensity,23,66439.0,Developed Low Intensity,22,63484.0,Developed High Intensity,24,349029.0
4,4,OKCN,3,-97.5107,35.5556,red,95,3.5189859635953136,10.651794591156406,17.531609845825898,28.357032957902245,13.61092885528378,11.110219728898835,0.4355038808553066,0.1578701568100486,0.6555479469716722,12.722157119485647,0.9515186765266274,0.1868082436300394,0.0131797227100948,0.0378200738637503,0.0590222364843376,94,362,29.38170098257591,862.9788733822874,-0.0565819905242385,363.5,-97.5107,35.5556,94,100.0,0.0,0.0,0.0,0.0,0.0,0.0,0.0,0.0,94,98972.0,Developed Medium Intensity,23,61189.0,Developed Low Intensity,22,47505.0,Developed High Intensity,24,349021.0
5,5,OKCW,3,-97.58245,35.47112,red,96,3.150822302446852,8.528451091627986,19.10664145321185,34.930662999255055,22.85972150593089,1.3744198040226925,0.0742077817890092,0.0123202108761675,0.1166122285255859,6.796172139132429,0.2879491146639161,2.630794796859779,0.0114606612801558,0.0796515958970832,0.0401123144805455,95,366,26.699335723298088,712.6021901793406,-0.0214308813293501,363.0,-97.58245,35.47112,95,100.0,0.0,0.0,0.0,0.0,0.0,0.0,0.0,0.0,95,121915.0,Developed Medium Intensity,23,79785.0,Developed High Intensity,24,66686.0,Developed Low Intensity,22,349020.0
6,6,TULN,3,-95.93883,36.19666,red,126,1.871335980882631,13.051501137529298,20.843147030676043,15.424839972263769,11.393917513366686,18.38041042744741,0.0085959392782849,0.1326639961948642,0.7226319619944872,2.595687130732775,12.423424507595945,0.9759256393946166,1.5928275482661989,0.2773623073793273,0.3057289069976676,125,209,28.589989678903443,817.0981691283578,0.842518727244572,208.0,-95.93883,36.19666,125,100.0,0.0,0.0,0.0,0.0,0.0,0.0,0.0,0.0,125,72743.0,Developed Low Intensity,22,64148.0,Deciduous Forest,41,53833.0,Developed Medium Intensity,23,349002.0
0,0,ACME,4,-98.02325,34.80833,orange,1,0.3323553681122215,3.116118089300449,0.9197075272760612,0.4678761345924635,0.0865270010085266,16.74498028788851,0.036960209040066,0.0429769872558907,1.4362909140918676,70.05621389933071,0.7950742642339782,5.890425873292381,0.016617768405611,0.0578756761712661,0.0,0,397,28.78214921512797,828.1187663762248,0.1689161418457413,422.0,-98.02325,34.80833,0,100.0,0.0,0.0,0.0,0.0,0.0,0.0,0.0,0.0,0,244513.0,Grassland/Herbaceous,71,58444.0,Deciduous Forest,41,20559.0,Cultivated Crops,82,349024.0
1,1,ADAX,4,-96.66909,34.79851,orange,2,0.7644129663692676,5.189584730077415,4.973268467105602,3.7386899543300496,1.3675198982310774,40.98290671755112,0.2269171924154647,0.2893767226510346,1.6096222057955567,31.85321437371428,8.781867253442437,0.0530046472182588,0.0048706973119481,0.0137525571160887,0.1509916166703913,1,295,44.36407874247636,1967.475769878728,0.239159692602824,304.0,-96.66909,34.79851,1,100.0,0.0,0.0,0.0,0.0,0.0,0.0,0.0,0.0,1,143041.0,Deciduous Forest,41,111176.0,Grassland/Herbaceous,71,30651.0,Pasture/Hay,81,349026.0
2,2,ARD2,4,-97.08568,34.19258,orange,9,1.7886970847360504,5.566363441014254,5.522240527182866,4.832318601819354,1.9457058949931951,33.15435857030299,0.1386720148986462,0.0805099921209082,1.5640713415944414,32.36444380775016,12.113172408853234,0.6205859179141895,0.0254996060454122,0.113745433708187,0.1696153570661127,8,266,37.80848056637776,1428.975370748519,0.939795847860468,272.0,-97.08568,34.19258,8,100.0,0.0,0.0,0.0,0.0,0.0,0.0,0.0,0.0,8,115717.0,Deciduous Forest,41,112960.0,Grassland/Herbaceous,71,42278.0,Pasture/Hay,81,349025.0
3,3,ARDM,4,-97.085,34.1922,orange,10,1.7974109030893808,5.568735995782259,5.522604454988796,4.829198686540479,1.944687996057329,33.238204938653645,0.1444117798751869,0.081947954452983,1.571337700070487,32.355115443464506,12.02715170686701,0.6105982200675067,0.0255012865255786,0.1134663984733612,0.1696265350914894,9,266,37.72956001528556,1423.0156197335266,0.9356079151771148,272.0,-97.085,34.1922,9,100.0,0.0,0.0,0.0,0.0,0.0,0.0,0.0,0.0,9,116002.0,Deciduous Forest,41,112920.0,Grassland/Herbaceous,71,41975.0,Pasture/Hay,81,349002.0
4,4,BOWL,4,-96.63121,35.17156,orange,19,1.538673130813004,4.327482363997914,2.096549589973696,1.2833737342479412,0.3409722580386359,52.36359677021908,0.0020057191649331,0.0842402049271923,1.4713382731331053,25.99813181586352,9.49593412072137,0.0,0.5303694534701806,0.2810872143999174,0.1862453510295069,18,281,21.02502925999368,441.89532144046575,-0.1303343970202874,281.0,-96.63121,35.17156,18,100.0,0.0,0.0,0.0,0.0,0.0,0.0,0.0,0.0,18,182750.0,Deciduous Forest,41,90734.0,Grassland/Herbaceous,71,33141.0,Pasture/Hay,81,349002.0
5,5,BRIS,4,-96.35404,35.7805,orange,21,0.5314820757311818,3.761059411387184,1.1348789768038874,0.8202874300907674,0.2532777115613826,47.54343540845329,0.0103144769414137,0.0541510039424222,2.104153296048409,28.00896213440909,15.02103007243055,0.5927959108829193,0.0882460804987622,0.0429769872558907,0.0329490235628495,20,239,24.137646864041443,582.4201939444968,0.0815361700523329,230.0,-96.35404,35.7805,20,100.0,0.0,0.0,0.0,0.0,0.0,0.0,0.0,0.0,20,165938.0,Deciduous Forest,41,97758.0,Grassland/Herbaceous,71,52427.0,Pasture/Hay,81,349024.0
6,6,BURB,4,-96.81046,36.63459,orange,24,1.996132082229067,1.5675094907241602,0.5945132870138242,0.1289305923644438,0.0108874722441085,12.139818064608551,0.0,0.0071628106869135,2.158011603753313,64.34467445025427,8.779313802736194,4.656686483776234,2.8685624238951366,0.7392020628894779,0.0085953728242962,23,301,29.341735718967847,860.633021672545,0.0611043758799535,298.0,-96.81046,36.63459,23,100.0,0.0,0.0,0.0,0.0,0.0,0.0,0.0,0.0,23,224579.0,Grassland/Herbaceous,71,42371.0,Deciduous Forest,41,30642.0,Pasture/Hay,81,349025.0
7,7,BURN,4,-97.26918,33.89376,orange,25,1.5861418874973856,2.34368508665618,0.8844689318468983,0.3687436071548293,0.052432074677027,29.975101927380145,0.7618409101978952,0.0985608398300398,1.7087699091463886,42.27858909011727,12.75847150474324,5.366122003420978,0.1229145357182764,0.426332935078777,1.2678247565346696,24,228,32.28356965079414,1041.8612401668486,0.5524276877372915,202.0,-97.26918,33.89376,24,100.0,0.0,0.0,0.0,0.0,0.0,0.0,0.0,0.0,24,147562.0,Grassland/Herbaceous,71,104620.0,Deciduous Forest,41,44530.0,Pasture/Hay,81,349023.0
8,8,BYAR,4,-97.0033,34.8497,orange,27,1.093322025740055,2.2920797185326105,1.169820186346081,0.416585488843302,0.0478471641243682,26.12569765176433,0.0074492590852309,0.0326621359890897,0.9045119589259314,47.05095293214298,16.098421903113792,4.3709960232416885,0.0203422075019769,0.0828013798319905,0.2865099648165763,26,345,25.75090054872865,662.8743163258832,0.3938312138508018,381.0,-97.0033,34.8497,26,100.0,0.0,0.0,0.0,0.0,0.0,0.0,0.0,0.0,26,164221.0,Grassland/Herbaceous,71,91186.0,Deciduous Forest,41,56188.0,Pasture/Hay,81,349028.0
9,9,CALV,4,-96.33422,34.9924,orange,28,2.399344435148361,2.7122276597939328,0.8446700973032446,0.3229115331278007,0.0733499134700239,45.560038050267615,1.5380559980745647,0.2292184795938248,1.9543740616368488,21.615875671896667,18.587039987163763,3.2889986590718943,0.0664733590822092,0.1398232725522331,0.6675988218170148,27,234,21.353691708028386,455.81902583376,0.1281379025516313,211.0,-96.33422,34.9924,27,100.0,0.0,0.0,0.0,0.0,0.0,0.0,0.0,0.0,27,159010.0,Deciduous Forest,41,75442.0,Grassland/Herbaceous,71,64871.0,Pasture/Hay,81,349012.0
10,10,CARL,4,-97.28585,36.1473,orange,30,5.226091490983273,3.287223008555433,0.9380605011775895,0.5280529944014348,0.0618879255511177,18.51222573047809,0.6566996544590823,0.367889335220533,1.049516070804371,63.850861560148765,0.3713275533067062,4.805769329948598,0.1455512323146657,0.1948323582164816,0.0040112544338687,29,293,24.13507266581735,582.2956102443742,0.1947786700988995,277.0,-97.28585,36.1473,29,100.0,0.0,0.0,0.0,0.0,0.0,0.0,0.0,0.0,29,222851.0,Grassland/Herbaceous,71,64611.0,Deciduous Forest,41,18240.0,Open Water,11,349018.0
11,11,CENT,4,-96.33309,34.60896,orange,32,1.2211719468552389,2.274153388594564,0.6054285133048145,0.4392436871255469,0.1263577730087189,40.92387302333177,0.0593107914122558,0.0638952004103046,2.2297419264259664,31.56566163050237,20.046187920655345,0.078508004091585,0.2587325828273769,0.0891094498995728,0.018624161554573,31,208,31.838158071120443,1013.3089799361426,1.0546033293356056,202.0,-96.33309,34.60896,31,100.0,0.0,0.0,0.0,0.0,0.0,0.0,0.0,0.0,31,142828.0,Deciduous Forest,41,110167.0,Grassland/Herbaceous,71,69963.0,Pasture/Hay,81,349009.0
12,12,CHAN,4,-96.80407,35.65282,orange,33,0.7515156377138797,4.2260219810445,1.247177876846557,0.5735929495627858,0.1363787432526903,34.89490814490528,0.1421089425490218,0.1581535005787501,1.8640338310966456,37.91586921393126,13.04050104862647,0.5927891172054964,2.7450519729076177,1.681813493473303,0.0300835463057405,32,291,21.6899224696776,470.28632261372695,-0.1489624080251344,303.0,-96.80407,35.65282,32,100.0,0.0,0.0,0.0,0.0,0.0,0.0,0.0,0.0,32,132337.0,Grassland/Herbaceous,71,121793.0,Deciduous Forest,41,45515.0,Pasture/Hay,81,349028.0
13,13,CHIC,4,-97.91446,35.03236,orange,36,0.785903588568154,5.5606331924647225,3.549602464006876,2.9129718501540003,1.2477616216603395,6.213595014683762,0.028078217892701,0.0160446959386863,0.4592794212448965,51.34818422749087,0.5956593367237304,27.103216101998424,0.0277917054652245,0.1289305923644438,0.0223479693431702,35,328,28.51876010995737,813.0318793139631,0.269202254082854,290.0,-97.91446,35.03236,35,100.0,0.0,0.0,0.0,0.0,0.0,0.0,0.0,0.0,35,179218.0,Grassland/Herbaceous,71,94597.0,Cultivated Crops,82,21687.0,Deciduous Forest,41,349025.0
14,14,DURA,4,-96.32027,33.92075,orange,43,0.8134297568019804,3.6408072982327457,1.4515093863891626,1.2240126527150617,0.7034061475691659,18.530096041442228,0.1455520663809109,2.335709537671625,2.192449629816398,31.39082448942169,36.45420267265684,0.7237490544846081,0.2252045751484172,0.1461251060123318,0.0229215852568363,42,197,21.888405538136457,478.9327632804075,-0.1218220366459831,206.0,-96.32027,33.92075,42,100.0,0.0,0.0,0.0,0.0,0.0,0.0,0.0,0.0,42,127231.0,Pasture/Hay,81,109559.0,Grassland/Herbaceous,71,64673.0,Deciduous Forest,41,349016.0
15,15,FITT,4,-96.71779,34.55205,orange,50,0.1971352353445138,1.568199335814716,0.2593130639342806,0.0945561448600139,0.0191977627443058,23.468548620483155,0.0553010180544929,0.0085960131690921,0.9936991223470554,63.06149874354941,9.85934057117642,0.2065908498305153,0.0011461350892122,0.0171920263381843,0.189685357264634,49,350,50.84705696777442,2584.508979086684,-0.2765163743731435,396.0,-96.71779,34.55205,49,100.0,0.0,0.0,0.0,0.0,0.0,0.0,0.0,0.0,49,220084.0,Grassland/Herbaceous,71,81905.0,Deciduous Forest,41,34409.0,Pasture/Hay,81,348999.0
16,16,FORA,4,-96.42777,36.84053,orange,51,0.1776473756898162,1.495389764072824,0.2707689839143166,0.0163320974424508,0.0008595840759184,7.777803246935583,0.0154725133665323,0.0106015369363277,0.2257840839412502,82.09113883428938,7.892987513108657,0.0,0.0174782095436754,0.0077362566832661,0.0,50,330,39.929762990409046,1593.8211882079406,0.2024177308717618,356.0,-96.42777,36.84053,50,100.0,0.0,0.0,0.0,0.0,0.0,0.0,0.0,0.0,50,286503.0,Grassland/Herbaceous,71,27547.0,Pasture/Hay,81,27145.0,Deciduous Forest,41,349006.0
17,17,GUTH,4,-97.47978,35.84891,orange,57,2.017024373332875,7.061877379816576,2.68946133415848,1.4686458718329995,0.5128513676513986,19.12620441281384,4.534007202839878,0.3151600583332617,0.8148320053634512,43.428769529179526,0.8767179804543461,16.512668001799277,0.2197525134014651,0.3721753779771881,0.0498525910454432,56,330,21.86497030212966,477.90829247657,0.0149629620124907,340.0,-97.47978,35.84891,56,100.0,0.0,0.0,0.0,0.0,0.0,0.0,0.0,0.0,56,151579.0,Grassland/Herbaceous,71,66756.0,Deciduous Forest,41,57634.0,Cultivated Crops,82,349029.0
18,18,HOLD,4,-96.35595,35.07073,orange,62,2.1428694222074505,3.608123363264932,1.7231202975204716,0.7899306052982941,0.2034279034319147,30.52450016904572,0.4317828879885851,0.1590175864855108,1.429725687500358,26.88056203404982,29.83800262450648,1.7214011884773852,0.2286415027305182,0.095983588239002,0.2229111392535628,61,280,21.252102218915383,451.4917452674597,0.0627479788746447,297.0,-96.35595,35.07073,61,100.0,0.0,0.0,0.0,0.0,0.0,0.0,0.0,0.0,61,106536.0,Deciduous Forest,41,104140.0,Pasture/Hay,81,93818.0,Grassland/Herbaceous,71,349018.0
19,19,KETC,4,-97.76484,34.52887,orange,70,1.9763627247331848,2.4195974500393955,0.5205930807248764,0.3730391805744574,0.0739202062889477,18.22792063605759,0.0455554759687701,0.0180502829310221,0.8225771792851515,61.45319103216102,3.690853090752812,10.20041544301984,0.024353556335506,0.133801303631545,0.0197693574958813,69,341,31.96080358641285,1021.13124741692,0.1231502683215183,347.0,-97.76484,34.52887,69,100.0,0.0,0.0,0.0,0.0,0.0,0.0,0.0,0.0,69,214487.0,Grassland/Herbaceous,71,63620.0,Deciduous Forest,41,35602.0,Cultivated Crops,82,349025.0
20,20,MADI,4,-96.94394,34.03579,orange,75,5.26177057935346,2.2270483372346552,0.6807496268197016,0.2664550306996306,0.0117469422136396,41.89246104169592,1.572084681127821,0.2206133049878662,2.583754265429322,33.41947757623336,8.470118357605571,1.6196454715537767,0.8603918894526784,0.8824532199514651,0.0312296756411395,74,232,25.418142080912165,645.8537299797207,0.1364663564523321,230.0,-96.94394,34.03579,74,100.0,0.0,0.0,0.0,0.0,0.0,0.0,0.0,0.0,74,146216.0,Deciduous Forest,41,116643.0,Grassland/Herbaceous,71,29563.0,Pasture/Hay,81,349027.0
21,21,MARE,4,-97.21271,36.06434,orange,77,4.137500250714178,3.446102182502729,1.7782082102446113,0.7974143488737919,0.1366750429079406,29.378830554465143,2.4329303759566536,0.2667598845855193,1.462738142652069,48.7121887204408,2.177345180413922,5.031188843648908,0.0822342501353856,0.1412595307203663,0.0186244817379793,76,327,25.53214993558592,651.6598408572013,0.2658996189724873,350.0,-97.21271,36.06434,76,100.0,0.0,0.0,0.0,0.0,0.0,0.0,0.0,0.0,76,170007.0,Grassland/Herbaceous,71,102533.0,Deciduous Forest,41,17559.0,Cultivated Crops,82,349003.0
22,22,NEWK,4,-96.91035,36.8981,orange,87,5.553390714359392,1.690199763904966,0.4996962855145382,0.122345363483204,0.0037248002933996,6.015552473840441,0.0212027093624288,0.1593068433177082,0.115182285995897,66.13870010200222,3.4981605217012595,8.423492601973571,5.17890502332298,2.485014841896554,0.0951256690314373,86,366,24.046610999816725,578.0347415465576,0.0067425837539924,389.0,-96.91035,36.8981,86,100.0,0.0,0.0,0.0,0.0,0.0,0.0,0.0,0.0,86,230832.0,Grassland/Herbaceous,71,29399.0,Cultivated Crops,82,20995.0,Deciduous Forest,41,349012.0
23,23,NEWP,4,-97.20142,34.2281,orange,88,1.9027072249010828,4.963770918748872,5.139114514839741,4.409662234370209,1.7084540253102176,21.12918983809368,0.0068762194545438,0.0206286583636316,1.0749823080603618,39.91444836961971,17.870148325783816,1.7520034151889958,0.0114603657575731,0.0661836122499849,0.0303699692575688,87,283,41.24642815273484,1700.6660427038328,1.1050534304356805,293.0,-97.20142,34.2281,87,100.0,0.0,0.0,0.0,0.0,0.0,0.0,0.0,0.0,87,139313.0,Grassland/Herbaceous,71,73747.0,Deciduous Forest,41,62372.0,Pasture/Hay,81,349029.0
24,24,NINN,4,-97.95202,34.96774,orange,89,0.6280406392720229,5.045527216049418,3.060838571780576,2.462595481087152,0.9964987880420144,8.351909048713262,0.0260728550062746,0.0209155869830555,0.5435187466692644,61.670324506764615,0.6529674347175823,16.422746990161077,0.0160448338500151,0.0759264458973933,0.0260728550062746,88,356,29.25810297712739,855.7336752448826,0.2673630397522423,346.0,-97.95202,34.96774,88,100.0,0.0,0.0,0.0,0.0,0.0,0.0,0.0,0.0,88,215243.0,Grassland/Herbaceous,71,57319.0,Cultivated Crops,82,29150.0,Deciduous Forest,41,349022.0
25,25,OILT,4,-96.49749,36.03126,orange,93,1.1043011584560414,3.906887985352393,1.1028684895945262,0.7031538772317398,0.1713471958372373,49.96174774139754,0.1449860887853546,0.0882524018693463,2.311754474941189,35.32703532101812,4.626660821377712,0.0,0.142407284834627,0.1444130212407485,0.2641841380634329,92,255,21.79945984085061,475.0484689890008,-0.082148545220439,243.0,-96.49749,36.03126,92,100.0,0.0,0.0,0.0,0.0,0.0,0.0,0.0,0.0,92,174366.0,Deciduous Forest,41,123291.0,Grassland/Herbaceous,71,16147.0,Pasture/Hay,81,348999.0
26,26,OKEM,4,-96.26265,35.43172,orange,97,0.541245236526174,3.627116701527177,1.2183032004813616,0.556144523079568,0.1283630841523165,37.4785822755795,0.0326638205209019,0.1097389759605741,1.7303229133835707,22.840606286352827,30.66072605369473,0.9008337869975072,0.10486805535658,0.0418326122460674,0.028652474141142,96,263,24.89815476734692,619.6985930741359,-0.0517018041772227,278.0,-96.26265,35.43172,96,100.0,0.0,0.0,0.0,0.0,0.0,0.0,0.0,0.0,96,130804.0,Deciduous Forest,41,107009.0,Pasture/Hay,81,79716.0,Grassland/Herbaceous,71,349010.0
27,27,PAUL,4,-97.22924,34.7155,orange,99,1.92075730096926,3.9890668110672753,2.92411232304479,1.6055972426359988,0.545513410060482,15.98577768609485,0.0068762194545438,0.0232072406590856,0.8741393981588923,44.759031484489824,11.841995937300338,15.100464431322324,0.0799360511590727,0.2441057906363081,0.099418672946947,98,291,26.35361859687608,694.2679754331051,0.3077819508897972,278.0,-97.22924,34.7155,98,100.0,0.0,0.0,0.0,0.0,0.0,0.0,0.0,0.0,98,156222.0,Grassland/Herbaceous,71,55795.0,Deciduous Forest,41,52705.0,Cultivated Crops,82,349029.0
28,28,PAWN,4,-96.76986,36.36114,orange,100,0.8879427178095693,2.638900429501818,1.518298955041274,0.5687532413204244,0.090828603273841,22.349566916612464,0.4971218507259125,0.0977052167709142,0.9506918159703618,56.93148314226853,5.698993435699365,7.482328535940335,0.0481362944795119,0.0229220449902438,0.2163267995954259,99,283,20.772433315390124,431.3417296723076,-0.2742753977556701,288.0,-96.76986,36.36114,99,100.0,0.0,0.0,0.0,0.0,0.0,0.0,0.0,0.0,99,198696.0,Grassland/Herbaceous,71,78002.0,Deciduous Forest,41,26114.0,Cultivated Crops,82,349009.0
29,29,PERK,4,-97.04831,35.99865,orange,101,1.6600006876081552,3.985262265210465,2.092620818482907,0.9973183281953724,0.2615776023103633,17.01199876230532,2.938665352571081,0.1959683241843248,1.270642569820878,52.93837884917315,7.062881765777743,8.443255137005925,0.2756162688089481,0.3016880780206053,0.5641251905247596,100,292,21.152934306280336,447.2884095996991,-0.0581031502348501,286.0,-97.04831,35.99865,100,100.0,0.0,0.0,0.0,0.0,0.0,0.0,0.0,0.0,100,184774.0,Grassland/Herbaceous,71,59378.0,Deciduous Forest,41,29470.0,Cultivated Crops,82,349036.0
30,30,REDR,4,-97.15306,36.3559,orange,106,0.9448963278543864,1.8084249913331976,1.2368457996808324,0.4460896247632746,0.0409703380482647,5.614655347775139,0.1561456939601699,0.035813232559672,0.2039921726598917,69.53783739646394,0.3621434076434033,19.153489784633543,0.3810527944349102,0.0736320061426856,0.0040110820466832,105,293,22.26146932584629,495.3975303499346,0.6178367302819234,283.0,-97.15306,36.3559,105,100.0,0.0,0.0,0.0,0.0,0.0,0.0,0.0,0.0,105,242710.0,Grassland/Herbaceous,71,66852.0,Cultivated Crops,82,19597.0,Deciduous Forest,41,349033.0
31,31,RING,4,-97.58812,34.19365,orange,108,0.4383476870713217,2.2352867023074854,1.3551533070897726,0.7067998326829744,0.0730579478452203,10.204046550805357,0.0040110245875807,0.0,0.672992625444794,67.19325689466477,7.868770735564609,9.10359330502696,0.0426887616821091,0.0730579478452203,0.0289366773818323,107,283,22.9768339460635,527.7478861771173,0.4016569732738431,290.0,-97.58812,34.19365,107,100.0,0.0,0.0,0.0,0.0,0.0,0.0,0.0,0.0,107,234530.0,Grassland/Herbaceous,71,35616.0,Deciduous Forest,41,31775.0,Cultivated Crops,82,349038.0
32,32,SEMI,4,-96.70028,35.1766,orange,111,0.8630001575863501,4.378608369267797,2.361216566623211,1.4901938312106928,0.3948254373021217,43.712734409695855,0.0034382476397862,0.0951248513674197,1.6621062132000055,31.85966219216939,11.361402805037033,0.0,1.3497987192527543,0.4412417804392361,0.0266464192083434,110,292,19.97945244042537,399.0376664247874,-0.0247524437014938,295.0,-96.70028,35.1766,110,100.0,0.0,0.0,0.0,0.0,0.0,0.0,0.0,0.0,110,152564.0,Deciduous Forest,41,111195.0,Grassland/Herbaceous,71,39653.0,Pasture/Hay,81,349015.0
33,33,SHAW,4,-96.94822,35.36492,orange,112,1.2633165425986097,6.20139712666403,6.927467464369832,4.1432427321333405,1.406295665927416,16.39732723594707,0.061031168875823,0.111460679308428,1.1234892636718414,40.22756316582713,13.452644970515928,8.292216090452204,0.0375356015151775,0.1667612219987277,0.1882510701944401,111,328,25.93359933182658,672.3133342844799,0.2982816671397202,350.0,-96.94822,35.36492,111,100.0,0.0,0.0,0.0,0.0,0.0,0.0,0.0,0.0,111,140395.0,Grassland/Herbaceous,71,57227.0,Deciduous Forest,41,46950.0,Pasture/Hay,81,349002.0
34,34,SKIA,4,-96.03706,36.4153,orange,113,1.4188908468360053,5.223134339049584,1.7867938854744203,0.9481239523789058,0.2701967020529792,46.554060830074064,0.0527213077176544,0.0246414807810776,0.9764903081617742,17.48055185455796,22.43091073193794,2.079626366384436,0.5280726637154195,0.2034354808670362,0.0223492500107448,112,282,32.81554910373692,1076.4790735061476,0.2537094194893775,337.0,-96.03706,36.4153,112,100.0,0.0,0.0,0.0,0.0,0.0,0.0,0.0,0.0,112,162476.0,Deciduous Forest,41,78285.0,Pasture/Hay,81,61008.0,Grassland/Herbaceous,71,349005.0
35,35,SPEN,4,-97.34146,35.54208,orange,115,1.94644622415794,9.385521282539864,9.297554406223584,4.744767117007407,1.1856903394031433,25.32299889683233,0.1530107881201736,0.173068382068511,1.863923551913351,34.15263828994684,4.6880327798392525,6.238198254989326,0.2091720511755182,0.2965658533789882,0.3424117824037593,114,373,29.10403129822145,846.7450111230968,-0.474979232852988,399.0,-97.34146,35.54208,114,100.0,0.0,0.0,0.0,0.0,0.0,0.0,0.0,0.0,114,119191.0,Grassland/Herbaceous,71,88376.0,Deciduous Forest,41,32755.0,Developed Open Space,21,348995.0
36,36,STIL,4,-97.09527,36.12093,orange,117,2.319704306466864,5.967737314117074,7.130454714764619,4.578665367754506,1.790493109079969,23.644881235494687,1.870433511933756,0.1802240623477837,1.5237385748259362,45.28265665740236,1.812555514168648,3.611071316008138,0.1501389644995845,0.1094524512191627,0.0277928999169078,116,272,24.27367816792945,589.0030289308125,0.3511449830447415,244.0,-97.09527,36.12093,116,100.0,0.0,0.0,0.0,0.0,0.0,0.0,0.0,0.0,116,158041.0,Grassland/Herbaceous,71,82523.0,Deciduous Forest,41,24886.0,Developed Low Intensity,22,349010.0
37,37,STUA,4,-96.06982,34.87642,orange,118,0.5185889795544146,2.3998349683689373,0.8383377647382414,0.60167782158247,0.2836481158888787,53.06139405886128,1.523677454845512,0.3675964976620519,2.8318969469148256,15.14193866324379,21.913392775281928,0.015185202163748,0.4435225084807921,0.0392523150270468,0.0200559273860823,117,256,24.80034273078746,614.8395881118662,0.4845699068719412,279.0,-96.06982,34.87642,117,100.0,0.0,0.0,0.0,0.0,0.0,0.0,0.0,0.0,117,185197.0,Deciduous Forest,41,76483.0,Pasture/Hay,81,52849.0,Grassland/Herbaceous,71,349024.0
38,38,SULP,4,-96.95048,34.5661,orange,119,0.8013752596518873,3.14332784184514,2.248263018408424,1.0194112169615357,0.2435355633550605,19.6189384714562,0.3750447675667932,0.0839481412506267,1.395029009383282,55.037318243678826,15.341880954086385,0.6529618222190388,0.0011460497099061,0.0257861184728887,0.0120335219540147,118,320,37.41509838761499,1399.394051217793,-0.1215555134903851,319.0,-96.95048,34.5661,118,100.0,0.0,0.0,0.0,0.0,0.0,0.0,0.0,0.0,118,192094.0,Grassland/Herbaceous,71,68475.0,Deciduous Forest,41,53547.0,Pasture/Hay,81,349025.0
39,39,TISH,4,-96.67895,34.33262,orange,124,0.575305416122304,2.58944738591304,0.274186894038369,0.1850833161429324,0.0289371748149166,35.92134818583969,1.812727772811662,0.1418208072612253,2.747885580691742,36.42244837149602,19.228895917852803,0.0,0.0020055467693506,0.0257856013202227,0.0441220289257145,123,268,52.20373080280824,2724.262773474627,0.5051408756957163,292.0,-96.67895,34.33262,123,100.0,0.0,0.0,0.0,0.0,0.0,0.0,0.0,0.0,123,127126.0,Grassland/Herbaceous,71,125377.0,Deciduous Forest,41,67115.0,Pasture/Hay,81,349032.0
40,40,VANO,4,-96.84381,34.79146,orange,128,0.62924258791774,2.8917651171520182,1.2788295400167913,0.4180623569089174,0.0507176402829872,29.05519053499947,0.0080231295362917,0.0495714789206598,0.904321314876315,43.31200518064936,20.74494757744469,0.6346868543887951,0.0040115647681458,0.0151866380508379,0.0034384840869821,127,320,34.09397404179716,1161.988033761196,0.1363215117835569,334.0,-96.84381,34.79146,127,100.0,0.0,0.0,0.0,0.0,0.0,0.0,0.0,0.0,127,151155.0,Grassland/Herbaceous,71,101400.0,Deciduous Forest,41,72398.0,Pasture/Hay,81,348991.0
41,41,WASH,4,-97.52109,34.98224,orange,132,1.0968135674806812,2.9766970095498424,0.7423834778846512,0.3819363859591818,0.0544395448854047,17.699155614006436,0.0077361458521364,0.0123205285793284,0.5461145923767446,58.57809639237732,9.743532438805651,8.073957554346425,0.0040113348862929,0.0676196452260817,0.0151857677838234,131,345,26.849878601877524,720.6608797391925,0.1889665994293299,354.0,-97.52109,34.98224,131,100.0,0.0,0.0,0.0,0.0,0.0,0.0,0.0,0.0,131,204444.0,Grassland/Herbaceous,71,61772.0,Deciduous Forest,41,34006.0,Pasture/Hay,81,349011.0
42,42,WAUR,4,-97.98815,34.16775,orange,134,1.5494503290576374,2.2092846685213465,1.297320837642933,0.51371383875746,0.0971271563518008,6.969088351330986,0.0,0.005443704928272,0.5340561045420555,68.22881897389027,0.2421016139152558,18.276523019709074,0.015758093213419,0.0403980207834923,0.0209152873559925,133,283,19.55575556973991,382.29210740327073,0.5165253564541555,283.0,-97.98815,34.16775,133,100.0,0.0,0.0,0.0,0.0,0.0,0.0,0.0,0.0,133,238137.0,Grassland/Herbaceous,71,63790.0,Cultivated Crops,82,24324.0,Deciduous Forest,41,349027.0
43,43,WYNO,4,-96.34222,36.51806,orange,143,0.2266254863423047,3.237220442707587,0.4475208718921366,0.2140192645988642,0.0469868264982781,28.72470876762722,0.0257854535661282,0.047846341617149,3.1549934963356008,53.79877032036994,9.194806236641702,0.8569365735143282,0.0042975755943547,0.0148982620604296,0.0045840806339783,142,269,28.15864951895028,792.6288667867492,0.1872001673360275,268.0,-96.34222,36.51806,142,100.0,0.0,0.0,0.0,0.0,0.0,0.0,0.0,0.0,142,187776.0,Grassland/Herbaceous,71,100259.0,Deciduous Forest,41,32093.0,Pasture/Hay,81,349034.0
44,44,YUKO,4,-97.75538,35.55671,orange,144,2.931848069931152,5.9161273132032015,6.490578146801555,9.045666692452487,1.9645931999919777,7.336639648854392,0.4019723289468783,0.0550097556363511,0.2873686713711468,38.811961183741175,1.298172931189099,25.193322044873064,0.0329485515530228,0.1813602881135951,0.0524311733408971,143,407,31.01684367799381,961.7042859114488,-0.2483946483934484,433.0,-97.75538,35.55671,143,100.0,0.0,0.0,0.0,0.0,0.0,0.0,0.0,0.0,143,135465.0,Grassland/Herbaceous,71,87932.0,Cultivated Crops,82,31572.0,Developed Medium Intensity,23,349029.0
0,0,ALTU,5,-99.33808,34.58722,yellow,3,0.5108384856489625,4.186125133941106,4.143149377997559,1.96084049118424,1.050900485339537,0.4953672135092856,0.0243529283680099,0.6108287444776154,6.516270621200226,1.2127758327268976,0.0942601580361798,76.07568317126699,2.959024049233026,0.1438255298910707,0.0157577771793005,2,416,27.111263527001885,734.7609771764168,0.5566085690511331,412.0,-99.33808,34.58722,2,99.96414485478668,0.0358551452133381,0.0,0.0,0.0,0.0,0.0,0.0,0.0,2,265530.0,Cultivated Crops,82,22744.0,Shrub/Scrub,52,14611.0,Developed Open Space,21,349034.0
1,1,ALV2,5,-98.70974,36.70823,yellow,4,0.1767867785265667,2.495644798973089,1.0902328886443864,0.8498372530142576,0.1670448814926878,0.1077339201393664,0.0002865263833493,0.0,0.0077362123504332,35.96822995461422,0.4108788337230092,58.206975198276254,0.118048869939944,0.3217691285013524,0.0787947554210791,3,439,39.00892665804327,1521.1586571189553,0.4181858315677453,437.0,-98.70974,36.70823,3,100.0,0.0,0.0,0.0,0.0,0.0,0.0,0.0,0.0,3,203147.0,Cultivated Crops,82,125532.0,Grassland/Herbaceous,71,8710.0,Developed Open Space,21,349008.0
2,2,ALVA,5,-98.6717,36.7797,yellow,5,0.5561381491859925,2.7652185872199966,2.132579208856951,1.7282974321946971,0.3512753070077418,0.2429701960379812,0.0017191287455517,0.0607425490094953,0.0197699805738451,29.98418401554092,0.0421186542660179,61.58549513773086,0.2206215223458084,0.2621671336966426,0.0467029975874893,4,450,44.43186790985199,1973.492057326337,0.3216168264485493,461.0,-98.6717,36.7797,4,100.0,0.0,0.0,0.0,0.0,0.0,0.0,0.0,0.0,4,214942.0,Cultivated Crops,82,104649.0,Grassland/Herbaceous,71,9651.0,Developed Open Space,21,349014.0
3,3,BLAC,5,-97.25452,36.75443,yellow,17,0.7735813377799935,3.807739251517079,3.357629517571757,1.3145152510128184,0.3314939288190565,0.5483832150040397,0.0002865116065851,0.0045841857053629,0.0747795293187327,8.074470096783621,6.408118592884198,72.2040764871385,2.528751439720823,0.561276237300373,0.0103144178370665,16,304,20.438942101535105,417.60284351160266,0.236053304505615,289.0,-97.25452,36.75443,16,100.0,0.0,0.0,0.0,0.0,0.0,0.0,0.0,0.0,16,252011.0,Cultivated Crops,82,28182.0,Grassland/Herbaceous,71,22366.0,Pasture/Hay,81,349026.0
4,4,BREC,5,-97.69394,36.41201,yellow,20,0.7051515316487251,3.277908785884362,1.2982696423812976,1.066466477365524,0.4707695922384621,1.0876697334979928,0.1424056526734727,0.0100285670896811,0.0017191829296596,23.98460758216978,0.2177631710902198,67.68394541021138,0.004297957324149,0.0323779451752563,0.016618768320043,19,352,25.3260735179723,641.1834332535494,0.5415966688484197,366.0,-97.69394,36.41201,19,100.0,0.0,0.0,0.0,0.0,0.0,0.0,0.0,0.0,19,236219.0,Cultivated Crops,82,83707.0,Grassland/Herbaceous,71,11440.0,Developed Open Space,21,349003.0
5,5,CHER,5,-98.36274,36.74813,yellow,34,0.2595973662042051,2.425487533022733,1.6790734723583247,1.1395350169913063,0.1796551309161552,0.1762167552048412,0.0057306261855232,0.0134669715359797,0.0080228766597326,18.54115449195133,0.1349562466690735,67.70018509922579,0.4704844098314623,0.6871020796442427,6.579331923599292,33,362,27.721452279656432,768.206888558227,0.1176914698741962,337.0,-98.36274,36.74813,33,100.0,0.0,0.0,0.0,0.0,0.0,0.0,0.0,0.0,33,236275.0,Cultivated Crops,82,64709.0,Grassland/Herbaceous,71,22962.0,Barren Land,31,349002.0
6,6,ELRE,5,-98.03654,35.54848,yellow,45,1.221489971346705,3.169054441260745,3.25243553008596,2.7269340974212035,1.0392550143266477,3.319770773638969,0.3733524355300859,0.0137535816618911,0.1518624641833811,35.1570200573066,0.7624641833810888,48.61776504297994,0.0613180515759312,0.1100286532951289,0.0234957020057306,44,419,35.342208144171146,1248.6293706714605,0.0469178977695872,425.0,-98.03654,35.54848,44,100.0,0.0,0.0,0.0,0.0,0.0,0.0,0.0,0.0,44,169676.0,Cultivated Crops,82,122698.0,Grassland/Herbaceous,71,11586.0,Deciduous Forest,41,349000.0
7,7,FAIR,5,-98.49766,36.26353,yellow,49,0.5048537013053992,1.4180028193872989,2.196772603807319,1.6457886834836626,0.2727699907166515,0.3220519638293239,1.61283852704205,0.0263601251532898,0.0257870789543052,42.22175741808304,0.3360915957044457,49.32094025420329,0.0226353248598902,0.0283657868497358,0.0449841266202881,48,405,54.44143393156536,2962.8201995843,0.5495706314904444,397.0,-98.49766,36.26353,48,100.0,0.0,0.0,0.0,0.0,0.0,0.0,0.0,0.0,48,172136.0,Cultivated Crops,82,147359.0,Grassland/Herbaceous,71,7667.0,Developed Low Intensity,22,349012.0
8,8,FTCB,5,-98.46607,35.14887,yellow,53,4.974541328435488,3.1567606598337523,0.6985733401719786,0.3452751742851658,0.0693415702713776,6.057072123829145,0.6441316114465168,0.0464187371238148,0.3627538345601824,39.46968025513114,2.059903093722869,41.65737814365166,0.2014343962842087,0.2544434479379479,0.0022922833147562,52,422,31.16091620592846,970.6597094962532,0.0983026638472191,418.0,-98.46607,35.14887,52,100.0,0.0,0.0,0.0,0.0,0.0,0.0,0.0,0.0,52,145383.0,Cultivated Crops,82,137748.0,Grassland/Herbaceous,71,21139.0,Deciduous Forest,41,348997.0
9,9,GRA2,5,-98.743583,34.239444,yellow,55,0.1956919127380249,3.0319353156570723,0.860127557890997,0.4045636614730472,0.0501406804233592,0.4670246233718604,0.001146072695391,0.0,0.3486926175727326,33.30143430997828,0.1148937877129546,61.199708897535366,0.0022921453907821,0.0123202814754539,0.0100281360846718,54,341,19.67872013375846,387.11542926818646,0.0936466400469428,348.0,-98.743583,34.239444,54,100.0,0.0,0.0,0.0,0.0,0.0,0.0,0.0,0.0,54,213598.0,Cultivated Crops,82,116228.0,Grassland/Herbaceous,71,10582.0,Developed Open Space,21,349018.0
10,10,GRAN,5,-98.7397,34.2392,yellow,56,0.1936940550824632,3.031197350173637,0.8578698238415606,0.406299068205522,0.0501426917743063,0.4868139047116938,0.001146118669127,0.0,0.3338070623832391,33.33113660588417,0.1126061592417278,61.16119012962602,0.002292237338254,0.021776254713413,0.0100285383548612,55,342,19.556701288014768,382.3290836656386,0.0885492953664669,350.0,-98.7397,34.2392,55,100.0,0.0,0.0,0.0,0.0,0.0,0.0,0.0,0.0,55,213455.0,Cultivated Crops,82,116327.0,Grassland/Herbaceous,71,10579.0,Developed Open Space,21,349004.0
11,11,HINT,5,-98.48151,35.48439,yellow,60,0.3845206099608602,2.6629914671954062,0.391397282568208,0.3386761259118754,0.0532942127069448,2.308842827916999,6.663209228494639,0.1131785699959313,0.7039993581772234,33.36017145837034,0.5624545136759826,52.2618522317668,0.0309450267330647,0.1352412279445052,0.0292258585812278,59,493,31.53178628136936,993.901473308509,0.0630796326705519,513.0,-98.48151,35.48439,59,100.0,0.0,0.0,0.0,0.0,0.0,0.0,0.0,0.0,59,182397.0,Cultivated Crops,82,116429.0,Grassland/Herbaceous,71,23255.0,Evergreen Forest,42,349006.0
12,12,HOBA,5,-99.05283,34.98971,yellow,61,0.4501097339453221,2.770567235678717,1.804163586666896,1.0514975961676207,0.2392371914986276,0.0068762785580443,0.0002865116065851,1.938537530155347,22.357646708268152,2.843341183751354,0.0644651114816661,66.29248250846642,0.1283571997501618,0.0403981365285107,0.0120334874765776,60,473,28.924926014942656,836.355289999995,0.528061798879237,477.0,-99.05283,34.98971,60,99.82136477313324,0.0357270453733476,0.0,0.0,0.0,0.1429081814933905,0.0,0.0,0.0,60,231378.0,Cultivated Crops,82,78034.0,Shrub/Scrub,52,9924.0,Grassland/Herbaceous,71,349026.0
13,13,HOLL,5,-99.83331,34.6855,yellow,63,0.1710469390620209,3.5667727711609705,0.8896159895939282,0.3512622232663949,0.0807960415669847,0.0134660069278308,0.0037246402140808,0.3037014328404392,40.72980027333129,0.0999922642087861,0.0191962226418013,53.63281350726447,0.1014248181372787,0.0277915462127571,0.0085953235709558,62,497,42.65610622648827,1818.8995401611464,0.3306186963815907,496.0,-99.83331,34.6855,62,100.0,0.0,0.0,0.0,0.0,0.0,0.0,0.0,0.0,62,187193.0,Cultivated Crops,82,142158.0,Shrub/Scrub,52,12449.0,Developed Open Space,21,349027.0
14,14,HOOK,5,-101.22547,36.85518,yellow,64,0.0369599972494885,4.21630480250755,0.874719934904563,0.3294883475729602,0.0873860400084807,0.0,0.0,0.0,4.027493653767914,14.869379358557817,0.1876651023132947,74.94943070143772,0.0074493017712147,0.3916613662019448,0.022061393707059,63,912,42.664102445076026,1819.5810816233177,0.0282316913721146,918.0,-101.22547,36.85518,63,100.0,0.0,0.0,0.0,0.0,0.0,0.0,0.0,0.0,63,261593.0,Cultivated Crops,82,51898.0,Grassland/Herbaceous,71,14716.0,Developed Open Space,21,349026.0
15,15,KIN2,5,-97.95442,35.85431,yellow,71,0.7163015916221366,3.753993381373293,1.8019282838846469,1.2165666232110368,0.3280661289629385,2.153489105052792,0.0074495365528702,0.0088821397361144,0.0959844132773663,26.29915619672507,0.0217755683853129,63.423635087317166,0.0613154162428548,0.0785066544417861,0.0329498732146182,70,323,31.287065177571574,978.5340636862536,0.6046374728525382,294.0,-97.95442,35.85431,70,100.0,0.0,0.0,0.0,0.0,0.0,0.0,0.0,0.0,70,221358.0,Cultivated Crops,82,91788.0,Grassland/Herbaceous,71,13102.0,Developed Open Space,21,349015.0
16,16,KING,5,-97.91121,35.8805,yellow,72,1.790216843166919,3.740315408242792,1.6618530234263973,1.1587126942648878,0.3338032366020263,2.8778709943611607,0.0808004401045248,0.0355292715353229,0.174781093843121,26.687353871544488,0.0796543345711273,60.77224590840324,0.1939783615275294,0.3409663961857607,0.071918122220694,71,319,25.099104542189263,629.7421312511614,0.1911575032530748,290.0,-97.91121,35.8805,71,100.0,0.0,0.0,0.0,0.0,0.0,0.0,0.0,0.0,71,212100.0,Cultivated Crops,82,93141.0,Grassland/Herbaceous,71,13054.0,Developed Open Space,21,349008.0
17,17,LAHO,5,-98.11139,36.38435,yellow,73,0.2890960090997911,2.7620272821823453,1.1641200049280984,0.6824843346637289,0.0885338620533552,2.1858408854532274,0.1037192817582996,0.0080224858818574,0.0458427764677567,28.517358653826868,0.4403771714433884,63.63378498018732,0.0031516908821582,0.0650394391136299,0.0106011420581687,72,396,22.00400537231437,484.0047411770803,0.1449246240102878,409.0,-98.11139,36.38435,72,100.0,0.0,0.0,0.0,0.0,0.0,0.0,0.0,0.0,72,222094.0,Cultivated Crops,82,99531.0,Grassland/Herbaceous,71,9640.0,Developed Open Space,21,349019.0
18,18,MANG,5,-99.42398,34.83592,yellow,76,0.3160331677239308,3.4305214117485257,1.0658598222420876,0.3799274527669377,0.0934059951749786,0.006589993524615,0.0054439076942472,2.6569134762502364,39.29813703748274,0.1593059304211292,0.0166182445403336,49.475379211149125,2.985267066650622,0.0850968729048118,0.0255004097256843,75,460,35.608842518143675,1267.540501590535,0.0493035598197407,447.0,-99.42398,34.83592,75,99.96457669146298,0.0354233085370173,0.0,0.0,0.0,0.0,0.0,0.0,0.0,75,172676.0,Cultivated Crops,82,137156.0,Shrub/Scrub,52,11973.0,Developed Open Space,21,349014.0
19,19,MARS,5,-97.6014,36.1186,yellow,78,0.4460896247632746,3.319170393630402,0.351256184945263,0.1678924342397423,0.0292235977686923,8.184612916257201,1.5253572011815502,0.1633083404721043,0.2008406081946406,43.84513785229477,0.0186228809310294,41.39780479209702,0.2979660948964711,0.0469869611182896,0.0057301172095475,77,315,21.89630620540462,479.27820833962073,-0.278607800957514,298.0,-97.6014,36.1186,77,100.0,0.0,0.0,0.0,0.0,0.0,0.0,0.0,0.0,77,153034.0,Grassland/Herbaceous,71,144492.0,Cultivated Crops,82,28567.0,Deciduous Forest,41,349033.0
20,20,MEDF,5,-97.74577,36.79242,yellow,81,0.2507127405051503,3.132333347659776,1.1890947121101416,0.7380983080471627,0.1676193750805862,0.0366756923253248,0.0,0.0,0.0068766923109984,26.98700591682068,0.770762596524405,64.17615793470007,1.0243406254924714,1.5071417314938182,0.0131803269294136,80,332,17.42510340671581,303.52674759182395,-0.0168546754934156,325.0,-97.74577,36.79242,80,100.0,0.0,0.0,0.0,0.0,0.0,0.0,0.0,0.0,80,223978.0,Cultivated Crops,82,94186.0,Grassland/Herbaceous,71,10932.0,Developed Open Space,21,349005.0
21,21,MINC,5,-97.95553,35.27225,yellow,84,0.6999398332521559,2.871959430421453,1.0792768529925794,0.5337650058734206,0.1836518350858092,3.844082170587056,0.745208148296708,0.0472738733060195,0.2939575394665215,51.69240466435549,0.4830530326905997,37.30395667994155,0.0203420909377417,0.1366644701028564,0.0644643726900266,83,430,33.60710974150184,1129.0383070219968,0.0544548106736077,464.0,-97.95553,35.27225,83,100.0,0.0,0.0,0.0,0.0,0.0,0.0,0.0,0.0,83,180422.0,Grassland/Herbaceous,71,130202.0,Cultivated Crops,82,13417.0,Deciduous Forest,41,349030.0
22,22,MRSH,5,-97.60685,36.11685,yellow,85,0.4472458992908817,3.3166678604684483,0.3630112456127784,0.1736265310507843,0.0318028794498961,8.061886684334933,1.4815557624811977,0.1575818351120979,0.1922498388367595,43.330420456987326,0.0186233077859752,42.03824940906812,0.3332139531552181,0.048134087816059,0.0057302485495308,84,311,21.863069694045272,477.8247945879656,-0.2722399479117586,290.0,-97.60685,36.11685,84,100.0,0.0,0.0,0.0,0.0,0.0,0.0,0.0,0.0,84,151234.0,Grassland/Herbaceous,71,146724.0,Cultivated Crops,82,28138.0,Deciduous Forest,41,349025.0
23,23,RETR,5,-99.36001,35.12275,yellow,107,0.2564293572934812,3.356789217933437,0.1452622169249106,0.0693362061061703,0.0048707252223342,0.0060167782158247,0.0063032914641973,4.264749702026221,38.43431970294306,2.8889130833409737,0.1802168332263684,48.45827221050701,1.83798248831026,0.0722013385898964,0.0183368478958467,106,538,38.10271211249141,1451.303298096025,0.4041637153243777,559.0,-99.36001,35.12275,106,100.0,0.0,0.0,0.0,0.0,0.0,0.0,0.0,0.0,106,169131.0,Cultivated Crops,82,134145.0,Shrub/Scrub,52,14885.0,Mixed Forest,43,349024.0
24,24,TIPT,5,-99.13755,34.43972,yellow,123,0.5761781424773081,2.6344893187861005,1.1864513615109562,0.3781974878518382,0.064465480883836,0.0730608783350142,0.0,0.0,1.55863207114697,11.884569542495644,0.7790295223251124,79.27391812597413,0.5185889795544146,0.8856124507197213,0.1868066379389383,122,387,25.455271932586463,647.741498942752,-0.0616969836050681,381.0,-99.13755,34.43972,122,100.0,0.0,0.0,0.0,0.0,0.0,0.0,0.0,0.0,122,276685.0,Cultivated Crops,82,41480.0,Grassland/Herbaceous,71,9195.0,Developed Open Space,21,349024.0
25,25,WAL2,5,-98.34569,34.39957,yellow,130,0.5498315263483622,2.6279597496962888,1.3850367891443374,0.9197286084305591,0.1598780571664336,3.739370114837142,0.0020056387099731,0.0,0.3965434249432691,53.26919109725628,0.0799390285832168,36.85647649391432,0.0011460792628418,0.0071629953927613,0.005730396314209,129,323,22.01265131785655,484.3848674318648,0.1331107750762239,325.0,-98.34569,34.39957,129,100.0,0.0,0.0,0.0,0.0,0.0,0.0,0.0,0.0,129,185918.0,Grassland/Herbaceous,71,128635.0,Cultivated Crops,82,13051.0,Deciduous Forest,41,349016.0
26,26,WALT,5,-98.32025,34.3647,yellow,131,0.5294946878617355,2.633433807433556,1.2054026795640265,0.7589996905550525,0.1507111503329398,4.111606477714233,0.0020056616964459,0.0,0.4856566536394164,51.65696308436386,0.1627451205116156,38.2814917538652,0.0011460923979691,0.0074496005867993,0.0128935394771526,130,308,21.131394196593565,446.3776989422915,-0.0163862738432662,300.0,-98.32025,34.3647,130,100.0,0.0,0.0,0.0,0.0,0.0,0.0,0.0,0.0,130,180289.0,Grassland/Herbaceous,71,133607.0,Cultivated Crops,82,14350.0,Deciduous Forest,41,349012.0
27,27,WATO,5,-98.52615,35.84185,yellow,133,0.1816535631604281,2.252332271299883,1.2005180278268044,0.9079812959864304,0.1601645769821441,2.043745845462672,7.702798725559861,2.8116189515666905,0.9724482545212828,41.42761363375891,0.0948380590001604,40.18153895523414,0.0060169161299195,0.0252137437825199,0.03151717972815,132,517,52.67427894908336,2773.599245963865,-0.435467773634249,547.0,-98.52615,35.84185,132,100.0,0.0,0.0,0.0,0.0,0.0,0.0,0.0,0.0,132,144589.0,Grassland/Herbaceous,71,140240.0,Cultivated Crops,82,26884.0,Evergreen Forest,42,349016.0
28,28,WEAT,5,-98.77509,35.5083,yellow,135,0.0684788245710045,2.940291622375098,1.8578104540518547,1.9638236971115688,0.6558494955775286,0.2610217957497285,1.590771690452791,0.1830877359869116,0.0739227478632601,43.4648566099257,0.3008483924667562,46.6378043224751,0.0,0.0014326113926988,0.0,134,538,29.643684137191308,878.4371680479144,-0.0177816772683347,586.0,-98.77509,35.5083,134,100.0,0.0,0.0,0.0,0.0,0.0,0.0,0.0,0.0,134,162772.0,Cultivated Crops,82,151698.0,Grassland/Herbaceous,71,10262.0,Developed Open Space,21,349013.0
