,Unnamed: 0,station,Cluster,lon_x,lat_x,color,site_x,11,21_x,22_x,23_x,24_x,31_x,41,42,43,52,71,81,82,90,95,Unnamed: 0_x,elev,std,variance,skew,med_dist,lon_y,lat_y,site_y,19,21_y,22_y,23_y,24_y,25,26,27,28,33,37,32,34,38,31_y,35,36,Unnamed: 0_y,firstmode_count,firstmode_class,firstmode_val,secondmode_count,secondmode_class,secondmode_val,thirdmode_count,thirdmode_class,thirdmode_val,sum_total
0,0,ADDI,0,-77.23725891113281,42.04035949707031,black,1,1.9629303848787605,5.647257026121787,1.299929230213828,0.4830682570289869,0.1097361461696927,0.1372418120503468,29.370893848185915,3.830163973881078,25.780258381348865,0.4415232408550824,0.2103037370458342,25.685134620178275,4.069405963572184,0.4177423005624335,0.5544110779069334,0,507.614,78.92728015195101,6227.304936303727,-0.1379527622863367,533.72802734375,-77.23725891113281,42.04035949707031,0,78.3625730994152,2.850877192982456,3.070175438596491,2.5219298245614032,2.960526315789473,1.9371345029239768,2.66812865497076,2.5584795321637426,3.070175438596491,0.0,0.0,0.0,0.0,0.0,0.0,0.0,0.0,0,102510.0,Deciduous Forest,41,89978.0,Mixed Forest,43,89646.0,Pasture/Hay,81,349019.0
1,1,BELD,0,-75.66851806640625,42.22322082519531,black,5,0.6492650640382797,4.491848371106845,1.0822039483109367,0.3567233030572189,0.0392538895733646,0.1217730150998538,28.38228130999112,6.408125841666427,31.918283143749463,0.3200481361565571,0.1816566860548408,22.293917079739835,1.908827827282886,1.5314747428440447,0.3143176413283287,4,470.37,71.19888990447448,5067.49129066458,-0.0249445714633231,520.739990234375,-75.66851806640625,42.22322082519531,4,83.39809254680326,1.377605086541858,2.225362062875309,2.3666548922642177,0.8124337689862239,1.059696220416814,1.6955139526669023,3.708936771458848,3.355704697986577,0.0,0.0,0.0,0.0,0.0,0.0,0.0,0.0,4,111398.0,Mixed Forest,43,99057.0,Deciduous Forest,41,77808.0,Pasture/Hay,81,349010.0
2,2,BELM,0,-78.03958129882812,42.242488861083984,black,7,0.4670460341201483,5.30942516088733,1.4670403034939627,0.3885364553784792,0.061031168875823,0.1627497836688615,37.83903817170102,7.973593274537108,21.268646024951146,0.3710580455126331,0.278508432616432,19.41679417309929,3.7458238061673,0.9945501744975672,0.2561589904928911,6,417.576,72.6806864830048,5280.605639794428,-0.4101264984032446,263.1519775390625,-78.03958129882812,42.242488861083984,6,85.96993557623479,1.5032211882605582,1.1095204008589834,2.576950608446672,1.7179670722977811,0.6800286327845383,1.3600572655690766,2.863278453829635,2.219040801717967,0.0,0.0,0.0,0.0,0.0,0.0,0.0,0.0,6,132059.0,Deciduous Forest,41,74228.0,Mixed Forest,43,67765.0,Pasture/Hay,81,349002.0
3,3,BERK,0,-76.20319366455078,42.3203010559082,black,8,0.2489743060808178,3.9772857503036967,0.94060143482546,0.1988356368470513,0.0363863485296477,0.0627449632125421,43.53325769556946,3.674734694813083,18.224116986408124,0.7635403057599304,0.275619427445048,23.69152398633936,2.310103371610626,1.7508423296431277,0.3114327626120241,7,393.59,68.30259560113576,4663.59139626836,-0.2731573913092899,389.1799926757813,-76.20319366455078,42.3203010559082,7,87.17765042979943,1.4326647564469914,2.9369627507163325,1.181948424068768,0.3581661891117478,0.7521489971346704,1.969914040114613,2.0773638968481376,2.1131805157593124,0.0,0.0,0.0,0.0,0.0,0.0,0.0,0.0,7,151945.0,Deciduous Forest,41,82691.0,Pasture/Hay,81,63608.0,Mixed Forest,43,349032.0
4,4,BING,0,-75.95104217529297,42.05842971801758,black,9,1.6458028302995051,8.893753456214597,7.638198441873992,7.392932560478382,3.168972719901206,0.3515668650378644,32.4788185978012,2.580449214776696,19.849344859301624,0.6157434335504243,0.482222521482254,13.462117022770189,0.0292256073625608,0.9194605296711544,0.4913913394783515,8,534.436,67.77529168481301,4591.859531025751,-0.2462254630121042,658.8719482421875,-75.95104217529297,42.05842971801758,8,86.71506352087114,1.4882032667876588,2.540834845735027,1.306715063520871,0.4355716878402904,0.7259528130671506,1.7059891107078042,3.3393829401088926,1.7422867513611615,0.0,0.0,0.0,0.0,0.0,0.0,0.0,0.0,8,113354.0,Deciduous Forest,41,69276.0,Mixed Forest,43,46984.0,Pasture/Hay,81,349009.0
5,5,BROO,0,-75.2992935180664,42.7959098815918,black,15,0.4523797927475984,4.747266096154342,0.5222852198726232,0.1549952298140916,0.0157573708683457,0.0,41.44618284853156,6.698028609655545,10.60642958030959,0.7383044495950355,0.5145497832645262,22.40268391000536,3.969711468214518,7.087665416581911,0.6437602243849612,14,505.176,69.9435476262713,4890.362603179679,-0.649094152842528,568.3519897460938,-75.2992935180664,42.7959098815918,14,88.84930530815818,0.5343783398646241,2.173138582116138,2.0662629141432136,0.0712504453152832,0.0,0.3206270039187744,4.381902386889918,1.6031350195938725,0.0,0.0,0.0,0.0,0.0,0.0,0.0,0.0,14,144665.0,Deciduous Forest,41,78195.0,Pasture/Hay,81,37021.0,Mixed Forest,43,349043.0
6,6,BURD,0,-76.77175903320312,42.41041946411133,black,18,4.641581117360373,4.280855770029712,2.328813044562044,0.7326248714253379,0.2415341285144934,0.1438317111675868,31.97075230861357,1.8188121563582496,15.34672897464035,1.0985075311086216,0.3054274982164295,23.77836163647252,8.411576447127521,3.4241688847885072,1.4764239196146915,17,567.751,111.2219961980916,12365.958204752837,-0.4645534151064989,757.501953125,-76.77175903320312,42.41041946411133,17,78.55862316242381,1.4342058085335243,4.732879168160631,4.087486554320545,0.5736823234134099,0.5019720329867335,3.657224811760488,4.517748296880603,1.936177841520258,0.0,0.0,0.0,0.0,0.0,0.0,0.0,0.0,17,111584.0,Deciduous Forest,41,82991.0,Pasture/Hay,81,53563.0,Mixed Forest,43,349019.0
7,7,CINC,0,-75.97562408447266,42.522422790527344,black,24,0.5079836230434895,4.030347222421188,1.3683755124961678,0.3059935191260275,0.031516186426838,0.0956946024233082,39.17290066384549,3.088299759044429,12.106799760476983,0.3483971154094096,0.4366424374045561,31.037140393150096,3.490560902165162,3.238431410750458,0.7409168918163924,23,423.916,63.21445893833232,3994.651275860479,0.0416574178985549,408.83197021484375,-75.97562408447266,42.522422790527344,23,88.58560794044665,1.1697979439914925,2.3750443105281813,1.63062743707905,0.4253810705423608,0.4962779156327543,0.9216589861751152,2.9422190712513294,1.4533853243530663,0.0,0.0,0.0,0.0,0.0,0.0,0.0,0.0,23,136724.0,Deciduous Forest,41,108328.0,Pasture/Hay,81,42256.0,Mixed Forest,43,349027.0
8,8,CLYM,0,-79.62407684326172,42.02447128295898,black,27,0.1128920419706251,4.312246780857636,0.906288144043369,0.5309364308923056,0.1140381540718497,0.0286528025306155,42.86344647369959,2.998229256803608,6.419087350933794,0.3048658189257491,0.2083058743975748,25.86030039598173,6.160925600132949,7.968057855738869,1.2117270190197305,26,450.068,62.81689120812509,3944.5650204088015,-1.648855144838454,440.135986328125,-79.62407684326172,42.02447128295898,26,98.20884146341464,0.1524390243902439,0.0762195121951219,0.0762195121951219,0.0381097560975609,0.0,0.1143292682926829,0.1524390243902439,1.1814024390243902,0.0,0.0,0.0,0.0,0.0,0.0,0.0,0.0,26,149596.0,Deciduous Forest,41,90254.0,Pasture/Hay,81,27809.0,Woody Wetlands,90,349006.0
9,9,COBL,0,-74.50796508789062,42.676265716552734,black,28,0.3859432975660071,4.811254530607567,2.405340744667135,1.29077546810309,0.3297852527828316,0.2850880334656103,21.05353638095784,6.310043980917726,23.218199790839936,1.0478059682248613,1.4391931578871968,31.59692276836239,2.7626319785682565,2.469807887913127,0.5936707591364268,27,327.96,143.28096385761265,20522.154662617573,-0.1631371596942642,232.41998291015625,-74.50796508789062,42.676265716552734,27,70.7124955245256,5.119942713927676,4.511278195488721,4.260651629072681,2.363050483351236,1.5037593984962403,2.076620121732904,4.511278195488721,4.9409237379162185,0.0,0.0,0.0,0.0,0.0,0.0,0.0,0.0,27,110278.0,Pasture/Hay,81,81035.0,Mixed Forest,43,73480.0,Deciduous Forest,41,349015.0
10,10,DELE,0,-78.42320251464844,42.41846466064453,black,35,0.712273976213602,4.688516229589454,1.163247121249889,0.4134398019614753,0.0739206298725299,0.5836291591098581,42.521839534930365,4.84122822851216,10.729378866149222,0.4071364924374611,0.4426642370273592,23.04977035897348,7.939304859565128,2.007604083398516,0.4260464210095037,34,622.31,70.48176541140154,4965.91766711936,-0.3557441592479664,716.6199951171875,-78.42320251464844,42.41846466064453,34,92.5177304964539,0.6737588652482269,1.2411347517730498,1.0638297872340423,0.3900709219858156,0.3900709219858156,0.7801418439716312,1.1347517730496457,1.808510638297872,0.0,0.0,0.0,0.0,0.0,0.0,0.0,0.0,34,148411.0,Deciduous Forest,41,80449.0,Pasture/Hay,81,37448.0,Mixed Forest,43,349023.0
11,11,DUAN,0,-74.1736068725586,42.80318832397461,black,38,0.7592883891911716,4.333960820719118,2.056668700986502,0.8165931732810714,0.1286492402818249,0.1595938236903707,19.11916816375416,8.885106773138956,27.555291953548743,0.9337814567449164,1.9188506952502928,25.73815725005802,2.114260008996851,4.523066608215787,0.9575629421422248,37,417.149,123.71395101235566,15299.708539952611,0.4694409517153872,588.2979736328125,-74.1736068725586,42.80318832397461,37,84.88245931283906,3.146473779385172,3.218806509945751,1.8806509945750447,1.5189873417721518,1.0126582278481011,1.3381555153707052,1.2296564195298372,1.7721518987341771,0.0,0.0,0.0,0.0,0.0,0.0,0.0,0.0,37,96171.0,Mixed Forest,43,89829.0,Pasture/Hay,81,66728.0,Deciduous Forest,41,349011.0
12,12,EAUR,0,-78.63172912597656,42.7134895324707,black,39,0.3658879013449317,8.805663956173678,2.9726601225165754,0.7675909848888584,0.2581558332903551,0.0120339012188622,41.84875105296636,2.545170107789372,16.162102379847227,0.552699891694889,0.3552866074140292,17.939108459832557,2.975238815634903,4.237079314869891,0.202570670517515,38,377.038,114.14716769400316,13024.9554755797,0.1260311946593424,407.0759887695313,-78.63172912597656,42.7134895324707,38,95.45454545454544,0.2886002886002886,1.6955266955266957,0.3246753246753247,0.036075036075036,0.0,1.2987012987012987,0.468975468975469,0.4329004329004329,0.0,0.0,0.0,0.0,0.0,0.0,0.0,0.0,38,146058.0,Deciduous Forest,41,62610.0,Pasture/Hay,81,56408.0,Mixed Forest,43,349014.0
13,13,ELDR,0,-74.87992095947266,41.53961181640625,black,42,3.9287760715104287,3.715333486133394,0.9208113683245472,0.1707540683016273,0.0329475131790052,0.06274352509741,27.60543204217282,9.163706165482466,47.27767591107037,0.2572771029108411,0.3523951409580564,1.0084804033921613,0.0,4.857036442814577,0.6466307586523035,41,347.624,73.62053457794401,5418.063174201993,-0.9994807967395132,317.2479858398437,-74.87992095947266,41.53961181640625,41,87.86425673183327,0.5901881224640354,1.4385835485060865,2.213205459240133,1.6230173367760976,0.7377351530800442,1.364810033198082,2.6189597934341573,1.549243821468093,0.0,0.0,0.0,0.0,0.0,0.0,0.0,0.0,41,165018.0,Mixed Forest,43,96354.0,Deciduous Forest,41,31985.0,Evergreen Forest,42,349040.0
14,14,ELMI,0,-76.83663940429688,42.113319396972656,black,44,1.1729885996051836,8.980210473235289,8.583961515430214,5.02545677505494,2.1840967500709123,0.289092695896832,33.17259894047097,1.3973291158462335,13.673883956071665,0.6079828549980947,0.7182907716683428,18.578718307962514,3.167699549886397,1.450047704592534,0.99764198920988,43,332.445,81.68753844445756,6670.483473904388,-0.4298357688770297,228.8900146484375,-76.83663940429688,42.113319396972656,43,77.62060210373595,2.8291621327529923,3.808487486398259,3.989844033369604,1.5233949945593035,1.2694958287994198,3.1556039173014145,3.300689154878491,2.50272034820457,0.0,0.0,0.0,0.0,0.0,0.0,0.0,0.0,43,115780.0,Deciduous Forest,41,64844.0,Pasture/Hay,81,47725.0,Mixed Forest,43,349023.0
15,15,GROT,0,-76.3753433227539,42.54854965209961,black,51,0.1375247831119566,5.001317945838156,3.3272402214149013,1.0526376107361015,0.2893750644647421,0.1349461934286074,23.73018783593293,1.371236691612134,7.228359902357403,0.4529722543750071,0.1816473176937094,32.9437752845044,12.492693995897175,10.471366194116232,1.184718704516543,50,392.247,97.26428200371826,9456.988200561447,-0.6857807342476716,388.4940185546875,-76.3753433227539,42.54854965209961,50,81.87365398420675,1.866475233309404,5.312275664034458,1.6511127063890882,0.2871500358937545,0.7178750897343862,4.343144292893037,2.11773151471644,1.8305814788226848,0.0,0.0,0.0,0.0,0.0,0.0,0.0,0.0,50,114983.0,Pasture/Hay,81,82825.0,Deciduous Forest,41,43603.0,Cultivated Crops,82,349028.0
16,16,GROV,0,-77.949462890625,42.48950958251953,black,52,0.4518637589219453,4.832392069891318,0.7031538772317398,0.1862469519969971,0.0369628566270963,0.012034418436729,47.13967661798458,6.483399665901622,11.449029939913869,1.1085991650405875,0.1733529322433588,14.93528634752535,8.651314187146667,3.0848225926148785,0.7518646185232623,51,609.722,111.43834748321044,12414.107802079909,-0.6962489292635746,731.4439697265625,-77.949462890625,42.48950958251953,51,83.58262108262107,1.4957264957264955,2.5284900284900287,2.742165242165242,0.7122507122507122,0.5698005698005698,2.635327635327636,3.810541310541311,1.9230769230769231,0.0,0.0,0.0,0.0,0.0,0.0,0.0,0.0,51,164517.0,Deciduous Forest,41,52124.0,Pasture/Hay,81,39957.0,Mixed Forest,43,348999.0
17,17,HART,0,-77.68973541259766,42.211219787597656,black,56,0.1234957020057306,4.723209169054441,0.839541547277937,0.3106017191977077,0.0395415472779369,0.1627507163323782,53.57077363896848,3.202865329512894,13.845558739255017,0.5074498567335243,0.3616045845272206,19.530085959885387,1.991977077363897,0.504297994269341,0.2862464183381089,55,729.569,78.83133211813909,6212.172896213453,-0.3382689146110391,897.137939453125,-77.68973541259766,42.211219787597656,55,85.18518518518519,2.0496224379719528,2.373247033441208,1.869830996044588,1.3304566702624956,1.0787486515641855,2.660913340524991,2.085580726357425,1.3664149586479684,0.0,0.0,0.0,0.0,0.0,0.0,0.0,0.0,55,186962.0,Deciduous Forest,41,68160.0,Pasture/Hay,81,48321.0,Mixed Forest,43,349000.0
18,18,HERK,0,-75.00956726074219,43.03662109375,black,57,1.2632332927440728,4.885323400902514,3.500322326480912,2.6788911969056657,0.6469450612420314,0.0573024854953083,41.10708401976936,2.7485137167824654,7.0731322971133865,0.785330563713201,0.4882171764200272,26.11016402836473,5.75975932956092,2.6296110593797004,0.2661700451257073,56,217.536,116.35377347411654,13533.39811830254,-0.1939215702922969,81.07199096679688,-75.00956726074219,43.03662109375,56,87.89717957872189,3.17743662977508,1.99928596929668,1.3923598714744734,0.5355230274901821,1.4280614066404855,0.9639414494823276,0.99964298464834,1.606569082470546,0.0,0.0,0.0,0.0,0.0,0.0,0.0,0.0,56,143474.0,Deciduous Forest,41,91131.0,Pasture/Hay,81,24687.0,Mixed Forest,43,349025.0
19,19,LAUR,0,-75.13690185546875,42.52526092529297,black,63,0.5412281782471542,4.895693955378043,2.3726366035281545,1.113686569003011,0.3317851934410823,0.0303706653754358,38.10429744915063,8.220135751143914,16.3706481844932,0.3211841121307887,0.2478360900920002,20.987275837270538,1.6901561797141147,4.400021775194043,0.3730434558379009,62,495.971,75.77921115387491,5740.450330912185,0.1895915796737765,512.9420166015625,-75.13690185546875,42.52526092529297,62,76.99680511182109,2.2719204827831025,1.1359602413915513,4.046858359957402,2.0944266950656725,0.9229676961306356,1.1359602413915513,6.922257720979766,4.472843450479233,0.0,0.0,0.0,0.0,0.0,0.0,0.0,0.0,62,132992.0,Deciduous Forest,41,73250.0,Pasture/Hay,81,57137.0,Mixed Forest,43,349021.0
20,20,MORR,0,-75.64244842529297,42.88391876220703,black,69,1.9542284794205789,5.142420023034741,1.2494341590313949,0.5838905792492508,0.132077309633908,0.0140385860565325,33.99114136569657,4.396942453257238,4.645052974174732,0.9357147359313314,1.1918473060239858,22.377792675869102,15.489430950211723,7.413805946630453,0.482182455778454,68,381.213,119.28714510284978,14224.386022899207,-0.7301951313590193,348.426025390625,-75.64244842529297,42.88391876220703,68,90.5289492494639,1.0721944245889925,3.0378842030021445,0.8934953538241601,0.0714796283059328,0.0357398141529664,0.6433166547533953,2.78770550393138,0.9292351679771264,0.0,0.0,0.0,0.0,0.0,0.0,0.0,0.0,68,118642.0,Deciduous Forest,41,78107.0,Pasture/Hay,81,54064.0,Cultivated Crops,82,349038.0
21,21,NBRA,0,-74.99688720703125,41.827919006347656,black,70,1.3821161504741712,5.938458012205254,1.0913102025613843,0.3549838122797467,0.065323897659227,0.0444087900753516,55.10185370885024,2.3891929060539208,14.872647050396814,0.4555482336761883,0.3690227201100192,16.35933873879036,0.2501217660373033,1.134572959344469,0.1911010514855456,69,456.225,109.53787115110974,11994.305447689443,0.5343377539616466,465.4500122070313,-74.99688720703125,41.827919006347656,69,76.85683530678149,2.906350914962325,1.794043774668102,3.013993541442411,3.15751704341586,2.798708288482239,3.659849300322928,2.906350914962325,2.906350914962325,0.0,0.0,0.0,0.0,0.0,0.0,0.0,0.0,69,192322.0,Deciduous Forest,41,57099.0,Pasture/Hay,81,51910.0,Mixed Forest,43,349030.0
22,22,OLEA,0,-78.40743255615234,42.09141159057617,black,74,0.7053814704138027,5.900048992782876,3.893636954883664,1.7863742762104224,0.5520999567373672,0.062172127977171,45.53979445951792,3.68821107580702,20.95888330835943,0.5180055639756928,0.2744741871065894,13.607100801934498,1.5680555595348262,0.7535147307832255,0.1922465339754921,73,457.23,63.9404384208402,4086.933475259853,-0.1409399557549171,349.46002197265625,-78.40743255615234,42.09141159057617,73,81.69577874818049,2.110625909752548,2.438136826783115,3.2751091703056767,1.8558951965065504,1.4919941775836971,1.7467248908296942,2.802037845705968,2.583697234352256,0.0,0.0,0.0,0.0,0.0,0.0,0.0,0.0,73,158948.0,Deciduous Forest,41,73153.0,Mixed Forest,43,47493.0,Pasture/Hay,81,349031.0
23,23,OWEG,0,-76.25543212890625,42.02571105957031,black,80,1.5643757825460358,5.423742410915103,2.2752212617578884,1.057529489629564,0.4420937422103541,0.3936725870363101,28.473358336604388,4.260775139604781,23.632388882044346,0.4312061451889715,0.5793347678219934,25.807902676343257,3.751923236710685,1.300494812633051,0.6059807289532722,79,447.873,67.01705420417537,4489.692899753533,-0.2286291683366467,502.7459716796875,-76.25543212890625,42.02571105957031,79,87.16911764705883,1.397058823529412,1.911764705882353,1.6544117647058825,0.5514705882352942,0.5514705882352942,2.0588235294117645,3.051470588235294,1.6544117647058825,0.0,0.0,0.0,0.0,0.0,0.0,0.0,0.0,79,99378.0,Deciduous Forest,41,90075.0,Pasture/Hay,81,82482.0,Mixed Forest,43,349021.0
24,24,RAND,0,-78.90096282958984,42.1492805480957,black,86,1.450101716283201,3.897023007936736,1.1813415088392882,0.5409587117847626,0.0853843729406034,0.2120283086444514,48.76737056244807,2.7228446176327323,17.042491619151313,1.071602532878714,0.2776424744276669,13.727400361021177,4.144007335033381,3.8554769204320793,1.0243259505458295,85,448.97,79.43977337752892,6308.444516568173,0.1552674960813403,385.9400024414063,-78.90096282958984,42.1492805480957,85,83.5461510397665,2.152499087924116,2.9551258664720903,2.116016052535571,1.1674571324334184,1.4958044509303174,2.261948194089748,2.261948194089748,2.0430499817584824,0.0,0.0,0.0,0.0,0.0,0.0,0.0,0.0,85,170203.0,Deciduous Forest,41,59480.0,Mixed Forest,43,47910.0,Pasture/Hay,81,349010.0
25,25,SBRI,0,-77.35930633544922,42.75217056274414,black,93,9.89579901271212,5.151316336090443,1.1248091176580135,0.2372241338310838,0.0275042474007053,0.0764961880832118,47.29670493386088,1.793506132587663,9.410463647120505,1.2583193185822703,0.3283319533459203,13.206622793572029,8.395098513911133,1.5322157822809617,0.2655878889630612,92,349.64,118.57996555464663,14056.214904154627,0.634572515734703,389.280029296875,-77.35930633544922,42.75217056274414,92,79.35578330893118,0.7686676427525623,3.5505124450951686,5.856515373352855,1.1346998535871158,0.1464128843338213,1.0980966325036603,6.112737920937042,1.9765739385065888,0.0,0.0,0.0,0.0,0.0,0.0,0.0,0.0,92,165083.0,Deciduous Forest,41,46096.0,Pasture/Hay,81,34540.0,Open Water,11,349037.0
26,26,SHER,0,-75.48370361328125,42.6402587890625,black,98,0.5824630767688055,5.055080436059421,1.3353961637085106,0.5394874439526122,0.153566261263197,0.1114501411033277,36.60463850330196,5.67249702751873,10.08895955992952,0.5704298995802712,0.4773160284785193,26.157548669904163,8.282836964774306,3.892159812053232,0.4761700116034209,97,352.623,60.679250800847065,3680.663959471648,-0.3273530122856397,241.2459716796875,-75.48370361328125,42.6402587890625,97,88.42329545454545,0.3551136363636363,1.4914772727272727,2.0951704545454546,0.2840909090909091,0.0355113636363636,0.4261363636363636,4.723011363636364,2.166193181818182,0.0,0.0,0.0,0.0,0.0,0.0,0.0,0.0,97,127763.0,Deciduous Forest,41,91299.0,Pasture/Hay,81,35214.0,Mixed Forest,43,349035.0
27,27,SPRA,0,-74.50859069824219,42.874271392822266,black,101,1.0575325196263825,3.972838232766031,2.113918973124749,0.8744484556758926,0.191106526846599,0.085668443069165,12.714457624204917,5.077359463641052,13.147384104062803,0.3653085783049682,0.2991232594120681,42.5955532634233,8.786315970431493,7.441693885737206,1.2772906996733713,100,199.857,125.5853636922846,15766.090778129872,0.3664490191145718,93.7139892578125,-74.50859069824219,42.874271392822266,100,84.84739676840215,3.662477558348295,2.4775583482944343,2.154398563734291,1.5080789946140034,1.0412926391382404,0.6104129263913823,1.4721723518850989,2.2262118491921004,0.0,0.0,0.0,0.0,0.0,0.0,0.0,0.0,100,148667.0,Pasture/Hay,81,45887.0,Mixed Forest,43,44376.0,Deciduous Forest,41,349020.0
28,28,SPRI,0,-74.88961029052734,42.8431510925293,black,102,5.167686202598743,4.0981046659885685,1.240061315416243,0.4698938441041216,0.096557454550664,0.0108877841926564,27.637780611148514,2.9333982780109737,5.268541466699139,0.3123074939472515,0.3721903070068622,31.33876767474177,10.981189920204002,8.90276922195321,1.1698637594372734,101,450.342,131.64057998154144,17323.108052815413,-0.4598151224221534,475.68402099609375,-74.88961029052734,42.8431510925293,101,81.17897727272727,3.835227272727273,2.521306818181818,3.3025568181818183,0.6392045454545455,1.171875,0.7457386363636364,3.941761363636364,2.663352272727273,0.0,0.0,0.0,0.0,0.0,0.0,0.0,0.0,101,109377.0,Pasture/Hay,81,96460.0,Deciduous Forest,41,38326.0,Cultivated Crops,82,349015.0
29,29,TULL,0,-76.11554718017578,42.79462814331055,black,109,1.0348917833259796,4.299728956913891,1.4004847831941825,0.502260602483511,0.1048644498054563,0.0226346763241285,48.11415899284286,5.333474680679155,4.042152070643111,1.3125247119092778,0.4002613015798431,13.451014549226125,14.965245743821306,4.476222129264058,0.5400805679871182,108,378.379,104.82892937124606,10985.219984753676,-0.5370256365180752,347.75799560546875,-76.11554718017578,42.79462814331055,108,78.46153846153847,2.289803220035778,4.6869409660107335,2.8980322003577816,0.3577817531305903,0.5724508050089445,4.508050089445439,4.758497316636851,1.4669051878354205,0.0,0.0,0.0,0.0,0.0,0.0,0.0,0.0,108,167929.0,Deciduous Forest,41,52232.0,Cultivated Crops,82,46947.0,Pasture/Hay,81,349022.0
30,30,TYRO,0,-77.05390167236328,42.40610885620117,black,111,2.1669742014601217,5.4075504567178205,0.9323461657478826,0.226353248598902,0.021489232461921,0.0361019105360274,33.7378084421166,3.149175386519661,20.87263475181369,0.534079057453612,0.308871901252679,24.363059149828658,4.389820407321238,2.9852841736100766,0.8684515145611039,110,366.857,104.98595018922754,11018.146745018415,-0.5550479058775277,316.7139892578125,-77.05390167236328,42.40610885620117,110,73.43582409724705,0.893814801573114,3.575259206292456,7.400786557025385,1.823382195209153,0.7865570253843404,2.752949588845192,6.077940650697176,3.253485877726136,0.0,0.0,0.0,0.0,0.0,0.0,0.0,0.0,110,117749.0,Deciduous Forest,41,85030.0,Pasture/Hay,81,72848.0,Mixed Forest,43,349012.0
0,0,BATA,1,-78.13565826416016,43.01993942260742,blue,3,0.6970707556900226,5.277453070205597,4.213367255724403,2.0218776501868025,0.9328657544293932,0.2813495610717642,7.929931926012515,0.1613032615920603,1.4288088198216782,0.2094363840564762,0.1641683284054184,9.390256480781131,53.91110270691512,12.36333631300282,1.0176717321047926,2,276.12,81.7418753507364,6679.365616487777,1.1345954593363454,325.239990234375,-78.13565826416016,43.01993942260742,2,98.3199415631848,0.0,0.0730460189919649,0.8400292184075968,0.0730460189919649,0.0,0.0,0.4382761139517896,0.2556610664718773,0.0,0.0,0.0,0.0,0.0,0.0,0.0,0.0,2,188167.0,Cultivated Crops,82,43152.0,Woody Wetlands,90,32775.0,Pasture/Hay,81,349032.0
1,1,BELL,1,-76.11373138427734,43.78961944580078,blue,6,3.601164383169162,3.1057858153833813,2.6843272420965776,0.7463627351544011,0.1644576621798949,0.2971125360288345,18.69115767879757,3.0688258181338925,1.4526138453868769,3.716915072229576,0.7518064556795195,13.752843627695356,32.159208769547256,13.391552491791442,2.415865866726261,5,144.78,128.1024449170031,16404.419223776305,1.1957602276524908,179.55999755859375,-76.11373138427734,43.78961944580078,5,99.96401583303349,0.0,0.0,0.0,0.0,0.0,0.0,0.0359841669665347,0.0,0.0,0.0,0.0,0.0,0.0,0.0,0.0,0.0,5,112244.0,Cultivated Crops,82,65237.0,Deciduous Forest,41,48001.0,Pasture/Hay,81,349026.0
2,2,BRAN,1,-79.02153778076172,42.59494018554688,blue,11,10.702201237139397,5.855353822439841,3.0418501508462,0.9718334474588216,0.3426629726299383,0.2458234368866949,31.87138105211285,1.0070738702292918,11.337961384518854,0.4062676381181041,0.2664519770450189,11.21906077110629,13.38677653274351,8.752231177173373,0.5930705295518164,10,218.542,109.2993372202743,11942.110325895532,0.6133646552305887,204.08401489257807,-79.02153778076172,42.59494018554688,10,96.5277777777778,0.2923976608187134,1.1695906432748535,0.1461988304093567,0.0730994152046783,0.0,0.6944444444444444,0.7675438596491228,0.3289473684210526,0.0,0.0,0.0,0.0,0.0,0.0,0.0,0.0,10,111241.0,Deciduous Forest,41,46724.0,Cultivated Crops,82,39573.0,Mixed Forest,43,349031.0
3,3,BROC,1,-77.9659194946289,43.20835113525391,blue,13,0.2148941717835356,6.304995000128937,3.4655266769624853,1.3555524356105428,0.4469798773097542,0.3432576237289009,25.607362560850863,0.0873902965253045,3.1108080307384625,0.2280743476529259,0.2031466237260357,13.907091221143297,28.14254073677183,15.932540421593714,0.6498399754734119,12,171.602,59.82768877807647,3578.08307064534,0.1948390561516658,178.20401000976562,-77.9659194946289,43.20835113525391,12,100.0,0.0,0.0,0.0,0.0,0.0,0.0,0.0,0.0,0.0,0.0,0.0,0.0,0.0,0.0,0.0,0.0,12,98220.0,Cultivated Crops,82,89372.0,Deciduous Forest,41,55606.0,Woody Wetlands,90,349009.0
4,4,BURT,1,-78.74903106689453,43.31698989868164,blue,19,39.35206408875238,2.8643385976574143,1.7053659431086252,0.4747633346322231,0.1246361198340477,0.0206294267311527,11.77567790588397,0.0355284571480963,1.1982258693011207,0.0965571778944231,0.0541522451692759,7.453813005707474,26.6334494693653,8.029144795654068,0.1816535631604281,18,96.012,41.6341405583478,1732.786760543069,1.0334814869142988,107.02400207519533,-78.74903106689453,43.31698989868164,18,100.0,0.0,0.0,0.0,0.0,0.0,0.0,0.0,0.0,0.0,0.0,0.0,0.0,0.0,0.0,0.0,0.0,18,137345.0,Open Water,11,92955.0,Cultivated Crops,82,41099.0,Deciduous Forest,41,349016.0
5,5,CAPE,1,-76.32685852050781,44.10451889038086,blue,21,46.423725666623824,0.9358441521344816,2.1459074224831114,0.8033763228930118,0.1003327763257494,0.0496308039476127,2.770041561335104,0.1931673736378308,0.3238499221617607,2.18197009297742,1.697801962380565,27.97284945084765,6.218846851478927,6.3152520102260885,1.8674036305468675,20,83.942,14.458969980201283,208.987651195248,1.2823653650419469,88.88400268554688,-76.32685852050781,44.10451889038086,20,100.0,0.0,0.0,0.0,0.0,0.0,0.0,0.0,0.0,0.0,0.0,0.0,0.0,0.0,0.0,0.0,0.0,20,130018.0,Open Water,11,78343.0,Pasture/Hay,81,17687.0,Woody Wetlands,90,280068.0
6,6,CHAZ,1,-73.46460723876953,44.89564895629883,blue,22,11.050116323045716,2.4485141593224613,2.8946101745418704,0.9113881980815292,0.2770551359776293,0.1452605521620042,15.658342597155528,11.05470048248278,1.44859438211261,0.5148584067753876,0.8724228428664749,14.504853478803993,17.89569891240817,18.958364371912857,1.365219982350986,21,56.571,122.40174156192144,14976.873505356873,1.9098299741533056,54.141998291015625,-73.46460723876953,44.89564895629883,21,98.08773903262092,0.2624671916010498,0.2624671916010498,0.7124109486314211,0.4874390701162355,0.0,0.0,0.0,0.1874765654293213,0.0,0.0,0.0,0.0,0.0,0.0,0.0,0.0,21,66170.0,Woody Wetlands,90,62461.0,Cultivated Crops,82,54652.0,Deciduous Forest,41,349028.0
7,7,CLIF,1,-77.1851806640625,43.01478958129883,blue,26,0.6412239986247207,6.963497793822704,4.345309724371097,1.405363589479113,0.4756174431264683,0.2784940691077875,18.90350123202109,0.2919603461119706,2.508452237694115,0.2595839779955303,0.1372414188298664,13.728439630966708,36.84745859836113,12.663744198040227,0.5501117414474815,25,191.445,61.81340112375411,3819.542110929059,1.219527036177118,226.8900146484375,-77.1851806640625,43.01478958129883,25,99.24324324324324,0.0,0.072072072072072,0.3963963963963964,0.0,0.0,0.0,0.2162162162162162,0.072072072072072,0.0,0.0,0.0,0.0,0.0,0.0,0.0,0.0,25,128605.0,Cultivated Crops,82,65977.0,Deciduous Forest,41,47915.0,Pasture/Hay,81,349020.0
8,8,COPE,1,-75.60786437988281,43.92056274414063,blue,32,1.44839086783111,3.135458212992252,1.7589854673818364,0.9641612799706596,0.2452665841470682,0.2509971118140558,22.70692935405492,3.281013615733737,0.829780406179801,1.0584284600926053,0.8939623160500618,22.61008343648283,23.585705771787467,15.426580479530555,1.8042566359510384,31,249.113,124.42692711699844,15476.568151980411,0.6751979686737999,222.2260131835937,-75.60786437988281,43.92056274414063,31,99.08189496878444,0.0,0.8813808299669483,0.0,0.0,0.0,0.0,0.0367242012486228,0.0,0.0,0.0,0.0,0.0,0.0,0.0,0.0,0.0,31,82316.0,Cultivated Crops,82,79249.0,Deciduous Forest,41,78911.0,Pasture/Hay,81,349008.0
9,9,CSQR,1,-76.10444641113281,43.32612991333008,blue,34,2.0003896490866167,5.7490430676843385,2.188911045405579,0.8388915629512481,0.2194641179032294,0.0825139242247129,30.26083568268812,11.768261935868344,3.45211900341516,1.8631529487267644,0.4509615164225629,12.950388503059893,2.990270233101836,24.03676453734901,1.1480322721125855,33,138.01,42.782643222423815,1829.7045772331803,1.5320413216092137,146.01998901367188,-76.10444641113281,43.32612991333008,33,100.0,0.0,0.0,0.0,0.0,0.0,0.0,0.0,0.0,0.0,0.0,0.0,0.0,0.0,0.0,0.0,0.0,33,105620.0,Deciduous Forest,41,83896.0,Woody Wetlands,90,45201.0,Pasture/Hay,81,349032.0
10,10,FRED,1,-79.3666000366211,42.41817092895508,blue,47,21.96595717858872,5.55939157266833,4.7597491340310745,1.9637224200715693,0.7999289461394548,0.093687953219055,25.09834370012979,1.3368440052602777,12.735831487747507,0.3853525904575811,0.4349183883379987,7.545748085413617,14.457168560958769,2.4708406989637024,0.3925152780125547,46,238.75,137.4707302862215,18891.512056511863,0.4261769976184398,244.5,-79.3666000366211,42.41817092895508,46,96.87729610580456,0.1836884643644379,0.7347538574577517,0.1102130786186627,0.0367376928728875,0.0,0.0,0.440852314474651,1.6164584864070537,0.0,0.0,0.0,0.0,0.0,0.0,0.0,0.0,46,87601.0,Deciduous Forest,41,76668.0,Open Water,11,50460.0,Cultivated Crops,82,349031.0
11,11,GFLD,1,-75.40924835205078,43.71680068969727,blue,50,1.225420674282211,3.9802534503456792,1.2185443366196498,0.6065502846517279,0.1664646742478289,0.181936433988591,28.54998094681439,16.296633746200108,4.849823650590363,1.632843680788945,2.509003704626916,13.373903725542444,16.544181902052298,7.77541881194076,1.0890399773080857,49,255.514,106.96958004935608,11438.434873356397,-0.2046137399756782,85.02801513671875,-75.40924835205078,43.71680068969727,49,97.94668587896254,0.0360230547550432,1.368876080691643,0.5043227665706052,0.0720461095100864,0.0,0.0360230547550432,0.0360230547550432,0.0,0.0,0.0,0.0,0.0,0.0,0.0,0.0,0.0,49,99646.0,Deciduous Forest,41,57743.0,Cultivated Crops,82,56879.0,Evergreen Forest,42,349023.0
12,12,HAMM,1,-75.6172866821289,44.51301956176758,blue,53,12.506966991940407,2.159251428049036,1.5614908920403776,0.5629624386978435,0.0619288172480603,0.0622237163778129,23.29142816699548,3.4010716634375218,1.8248358149095103,0.7168997844287361,0.6119156942367863,26.264306294032124,6.88913857015208,17.412024217116535,2.6735555103376893,52,111.953,23.574614430333828,555.5654365188619,1.0937848500752765,119.906005859375,-75.6172866821289,44.51301956176758,52,100.0,0.0,0.0,0.0,0.0,0.0,0.0,0.0,0.0,0.0,0.0,0.0,0.0,0.0,0.0,0.0,0.0,52,89062.0,Pasture/Hay,81,78981.0,Deciduous Forest,41,59044.0,Woody Wetlands,90,339099.0
13,13,JORD,1,-76.47006225585938,43.069801330566406,blue,61,4.126148221581695,4.687723842323319,3.129924531113008,1.1480783226080031,0.3418161814003862,0.322332945578738,18.936559145946628,0.6460984820267149,1.3454893443891147,0.6463850002005628,0.1641749136147705,16.18369253161728,32.530127385980094,14.739640935424534,1.0518082161951532,60,122.682,73.82142864628378,5447.672213513243,1.4152528356718963,100.36399841308594,-76.47006225585938,43.069801330566406,60,96.52329749103944,0.967741935483871,0.6451612903225806,0.4659498207885305,0.07168458781362,0.1433691756272401,0.6810035842293907,0.3225806451612903,0.1792114695340501,0.0,0.0,0.0,0.0,0.0,0.0,0.0,0.0,60,113536.0,Cultivated Crops,82,66092.0,Deciduous Forest,41,56484.0,Pasture/Hay,81,349018.0
14,14,LOUI,1,-75.05608367919922,44.87168884277344,blue,64,11.660173202550398,2.673740953201376,1.0255757646951336,0.4029863408840248,0.0652609458921497,0.0306726445693103,19.68465910944913,7.958572351547663,3.853006245472522,1.0275335930718978,1.4138783927534246,9.993734949194351,4.0996926209448485,33.070331721387966,3.040181164385797,63,85.1002,24.315803484466333,591.0484097451335,1.692969005701305,83.20039367675781,-75.05608367919922,44.87168884277344,63,100.0,0.0,0.0,0.0,0.0,0.0,0.0,0.0,0.0,0.0,0.0,0.0,0.0,0.0,0.0,0.0,0.0,63,101348.0,Woody Wetlands,90,60326.0,Deciduous Forest,41,35734.0,Open Water,11,306462.0
15,15,MALO,1,-74.32887268066406,44.85286712646485,blue,65,0.1905313101677821,3.6582011552214175,2.926159805629412,1.573244246813973,0.6237393417071605,0.1194760245713761,22.875217750068764,12.322361786008983,7.760211332172,0.9993582103236454,1.2695402035390115,18.03285733932337,13.83744384340332,13.321719996332632,0.4899376547171541,64,236.22,183.43477808569088,33636.398463910824,0.3657559786857793,253.44000244140625,-74.32887268066406,44.85286712646485,64,94.2103334554782,0.659582264565775,1.0993037742762917,0.4763649688530597,0.5862953462806889,0.5496518871381458,0.9160864785635764,0.9160864785635764,0.5862953462806889,0.0,0.0,0.0,0.0,0.0,0.0,0.0,0.0,64,79840.0,Deciduous Forest,41,62939.0,Pasture/Hay,81,48296.0,Cultivated Crops,82,349024.0
16,16,MEDI,1,-78.30927276611328,43.226680755615234,blue,67,0.6933640476415595,4.181959355114133,2.863421608318077,0.9904791374780458,0.3988275844285334,0.19970030628354,12.35305409672142,0.0630330952401417,1.3873011234216657,0.1214819653719095,0.0790778831194505,8.512046484042598,52.97329975388442,14.793007910653452,0.3899456482810588,66,162.489,61.403139640077896,3769.008081405745,0.244476665107322,169.97799682617188,-78.30927276611328,43.226680755615234,66,100.0,0.0,0.0,0.0,0.0,0.0,0.0,0.0,0.0,0.0,0.0,0.0,0.0,0.0,0.0,0.0,0.0,66,184889.0,Cultivated Crops,82,51631.0,Woody Wetlands,90,43115.0,Deciduous Forest,41,349023.0
17,17,ONTA,1,-77.37330627441406,43.2594108581543,blue,75,41.5702038898376,7.008641536680687,4.697832739275441,2.169552909355552,0.8443835742037523,0.06532726668424,13.10986441726932,0.4028514778861472,4.259165873952759,0.3040010085613102,0.3260632872222158,11.50820029110747,7.842423756203225,5.6940735562101015,0.1974144155501816,74,99.8525,40.66680261594136,1653.202592949697,0.5573298861986602,108.70500183105467,-77.37330627441406,43.2594108581543,74,100.0,0.0,0.0,0.0,0.0,0.0,0.0,0.0,0.0,0.0,0.0,0.0,0.0,0.0,0.0,0.0,0.0,74,145085.0,Open Water,11,45755.0,Deciduous Forest,41,40165.0,Pasture/Hay,81,349012.0
18,18,OSWE,1,-76.55323028564453,43.44318389892578,blue,78,47.8114873634418,3.979061791781152,2.792907138989248,1.8308039206135915,0.8185613147406934,0.0713411856389333,22.657272933039565,0.4913659974729749,2.23392459609142,0.6520985482498489,0.1349465800640065,6.938718208046941,2.719846888636123,6.297220558867939,0.5704429743257685,77,93.726,25.737070419001217,662.1614840568005,0.6456456965219503,112.45199584960938,-76.55323028564453,43.44318389892578,77,100.0,0.0,0.0,0.0,0.0,0.0,0.0,0.0,0.0,0.0,0.0,0.0,0.0,0.0,0.0,0.0,0.0,77,166875.0,Open Water,11,79080.0,Deciduous Forest,41,24218.0,Pasture/Hay,81,349027.0
19,19,PHIL,1,-75.71591186523438,44.19353866577149,blue,82,1.3460778077670237,2.7405777418670887,1.8039390969989744,0.7956700877328703,0.1492776794054106,0.0575908129759837,35.72005707507435,2.2136647813554755,1.6154079779034651,1.030331161500685,5.67025964574487,35.66246626209837,2.3216833708676443,7.320623241474554,1.552373257233234,81,130.912,61.5511678958724,3787.2023366501135,0.8516229669497399,122.82400512695312,-75.71591186523438,44.19353866577149,81,100.0,0.0,0.0,0.0,0.0,0.0,0.0,0.0,0.0,0.0,0.0,0.0,0.0,0.0,0.0,0.0,0.0,81,124668.0,Deciduous Forest,41,124467.0,Pasture/Hay,81,25550.0,Woody Wetlands,90,349014.0
20,20,POTS,1,-74.97443389892578,44.65686798095703,blue,84,2.109229490816356,5.132525287257515,1.4370039256139144,0.8756697899653285,0.293704690678816,0.2704948565861486,35.895011318375886,11.374537952376858,5.63741081406344,1.0934410728101092,1.1252471417519128,12.732169976217085,2.26596750623227,18.078741511218084,1.678844666036276,83,128.687,112.49821108483088,12651.354828669031,0.8883195688235606,134.37399291992188,-74.97443389892578,44.65686798095703,83,100.0,0.0,0.0,0.0,0.0,0.0,0.0,0.0,0.0,0.0,0.0,0.0,0.0,0.0,0.0,0.0,0.0,83,125270.0,Deciduous Forest,41,63093.0,Woody Wetlands,90,44434.0,Pasture/Hay,81,348990.0
21,21,RUSH,1,-77.63739013671875,43.00099182128906,blue,91,0.9028265260805408,8.587023480366174,7.0378063980058165,3.23453146712892,1.6297293812586853,0.5326418635302208,16.069223385814364,0.2805037032792287,3.7476899273670186,0.4610117043680071,0.358723837084366,17.845078291763965,29.61792473102875,8.799908313396273,0.8953769895276708,90,180.807,69.75301332273322,4863.758130675627,0.8799452130225011,170.614013671875,-77.63739013671875,43.00099182128906,90,98.29462989840349,0.0,0.5805515239477503,0.2539912917271408,0.0,0.0,0.2539912917271408,0.5805515239477503,0.0362844702467343,0.0,0.0,0.0,0.0,0.0,0.0,0.0,0.0,90,103371.0,Cultivated Crops,82,62282.0,Pasture/Hay,81,56084.0,Deciduous Forest,41,349015.0
22,22,SCIP,1,-76.5340347290039,42.7562141418457,blue,97,4.952636917416893,3.3326074623358912,2.092514168810851,0.4435453831739282,0.123780106932259,0.0160455694171446,15.332401162157671,0.6529973696727277,0.9521326280923536,0.8209027925021347,0.0959868884775619,9.239669232047587,56.07210191228804,5.617095408101867,0.2555829985730904,96,395.234,110.8879351837836,12291.786172799186,0.2343166900176482,502.468017578125,-76.5340347290039,42.7562141418457,96,89.91385498923188,1.256281407035176,3.266331658291457,0.5025125628140703,0.0358937544867193,0.2153625269203158,4.19956927494616,0.574300071787509,0.0358937544867193,0.0,0.0,0.0,0.0,0.0,0.0,0.0,0.0,96,195695.0,Cultivated Crops,82,53511.0,Deciduous Forest,41,32247.0,Pasture/Hay,81,349006.0
23,23,WATE,1,-76.81255340576172,42.879661560058594,blue,118,11.396162408565674,5.601955183212472,3.382604485116941,1.2174052564172355,0.456706043475894,0.4398016165216419,9.4232152220067,0.3197515335753436,1.1022259405594506,0.3220436592640557,0.2561450457135817,8.529859234831141,47.98020749467797,8.908346489179735,0.6635703868821647,117,145.755,66.73968797345937,4452.608689480696,0.9048665627072848,124.510009765625,-76.81255340576172,42.879661560058594,117,98.91383055756698,0.0,0.4344677769732078,0.0,0.0,0.0,0.5792903692976104,0.0724112961622013,0.0,0.0,0.0,0.0,0.0,0.0,0.0,0.0,0.0,117,167461.0,Cultivated Crops,82,39775.0,Open Water,11,32889.0,Deciduous Forest,41,349021.0
24,24,WELL,1,-76.00858306884766,44.30781936645508,blue,120,26.049722018252385,3.521242001468583,3.548935277457254,2.083709220602119,0.568551347949229,0.0910521346900241,19.763348368824087,2.068603797335572,2.7219133536137625,1.133326340081821,0.6755480960872757,25.696003356760727,1.0838141193748032,8.388964649113607,2.605265918388755,119,86.777,18.53225562233293,343.32270962225243,0.628545537004349,76.55400085449219,-76.00858306884766,44.30781936645508,119,100.0,0.0,0.0,0.0,0.0,0.0,0.0,0.0,0.0,0.0,0.0,0.0,0.0,0.0,0.0,0.0,0.0,119,62083.0,Open Water,11,61240.0,Pasture/Hay,81,47101.0,Deciduous Forest,41,238325.0
25,25,WEST,1,-75.46145629882812,43.1064682006836,blue,121,0.1189040201019422,7.15974110440346,3.2608353079041086,1.7878580371954698,0.5174473742267658,0.065612097839385,25.43801089332733,2.883780632110962,3.3717168880955586,1.5712521596121725,1.1033720034038066,26.38494531847654,16.846264264900963,9.033267339214548,0.456992559186983,120,199.614,116.4259440452203,13550.190297620336,0.4876182140186697,161.22799682617188,-75.46145629882812,43.1064682006836,120,92.27174694464414,1.00647016534867,2.4083393242271747,0.6110711718188354,0.3594536304816678,1.00647016534867,0.4672897196261681,1.4018691588785046,0.4672897196261681,0.0,0.0,0.0,0.0,0.0,0.0,0.0,0.0,120,92089.0,Pasture/Hay,81,88784.0,Deciduous Forest,41,58797.0,Cultivated Crops,82,349021.0
26,26,WOLC,1,-76.84261322021484,43.22867965698242,blue,125,9.55686845302221,5.279414124280836,1.1518096591560272,0.3810713548949045,0.1515689825108304,0.059309601852064,31.577921929080617,0.6211749604602654,4.025889930547597,0.5102917917803196,0.2968345290760309,8.055218098883719,25.033236298622413,11.102356338964404,2.1970339468677653,124,121.219,30.20177444253142,911.8244097749688,-0.081195353855345,120.43800354003906,-76.84261322021484,43.22867965698242,124,100.0,0.0,0.0,0.0,0.0,0.0,0.0,0.0,0.0,0.0,0.0,0.0,0.0,0.0,0.0,0.0,0.0,124,110212.0,Deciduous Forest,41,87370.0,Cultivated Crops,82,38749.0,Woody Wetlands,90,349016.0
27,27,YORK,1,-77.84776306152344,42.85504150390625,blue,126,0.7716266049288975,4.629186568596832,2.471611991873996,0.9114534832078808,0.2810864089993496,0.0510024269132357,14.513055761698324,0.1057297501740672,1.2120239654100395,0.3552978054629903,0.2701982504448386,12.803614868640098,57.04736062440724,4.124319848253453,0.4524316409887594,125,177.942,91.48068709178796,8365.756875951538,0.744540871785809,81.88400268554688,-77.84776306152344,42.85504150390625,125,91.29316678912564,0.1102130786186627,1.836884643644379,2.094048493754592,0.1836884643644379,0.1469507714915503,1.0286554004408524,2.461425422483468,0.8449669360764144,0.0,0.0,0.0,0.0,0.0,0.0,0.0,0.0,125,199097.0,Cultivated Crops,82,50651.0,Deciduous Forest,41,44685.0,Pasture/Hay,81,349003.0
0,0,GABR,2,-74.17867279052734,44.41741943359375,white,48,6.460125265745606,2.2279653198402376,1.2374719928485065,0.5423789030938232,0.0988487699774796,0.258439392810686,25.998372576772542,36.10787982281716,4.651336034244652,1.084184769839951,0.8182959045092231,0.8575488943263672,0.4082883977330682,18.73914812416552,0.5097158312751777,47,535.72,118.36705617220971,14005.796912136517,2.168727207008401,559.43994140625,-74.17867279052734,44.41741943359375,47,74.8663101604278,3.1372549019607843,1.675579322638146,3.7076648841354727,2.9946524064171123,1.8538324420677363,2.1033868092691623,4.171122994652406,5.026737967914439,0.249554367201426,0.0,0.035650623885918,0.106951871657754,0.071301247771836,0.0,0.0,0.0,47,126023.0,Evergreen Forest,42,90739.0,Deciduous Forest,41,65403.0,Woody Wetlands,90,349018.0
1,1,NEWC,2,-74.22273254394531,43.973289489746094,white,71,5.007965068304759,1.4660882919226186,0.3014119372879802,0.1498464288988722,0.0180503346474741,0.0154717154121206,56.40557669386632,19.26686990006418,7.863069588337765,0.9022302191253324,0.450112313193362,0.002865132483726,0.0,7.67884156963418,0.4716008068213074,70,501.396,141.59627470341505,20042.39021037828,1.897497241976285,421.7919921875,-74.22273254394531,43.973289489746094,70,62.633073101490425,3.97444996451384,3.19375443577005,6.139105748757984,4.932576295244854,4.009936124911285,4.648687012065294,5.039034776437189,5.003548616039744,0.1064584811923349,0.1064584811923349,0.0354861603974449,0.0709723207948899,0.0709723207948899,0.0354861603974449,0.0,0.0,70,196869.0,Deciduous Forest,41,67246.0,Evergreen Forest,42,27444.0,Mixed Forest,43,349024.0
2,2,NHUD,2,-73.70516204833984,44.01309967041016,white,72,1.1971037996154827,0.5627362045104854,0.5521347587024976,0.3595895807844497,0.0389674764834144,0.1922586523556699,29.533622342117248,43.880816827073225,17.224770707918708,0.3128859141168279,0.2558673272035964,0.0713448650321338,0.0,5.29327323937205,0.5246283047142051,71,298.978,263.7937850425957,69562.49347622109,0.5507372509555553,164.95599365234375,-73.70516204833984,44.01309967041016,71,52.3724580806279,3.817338565822333,6.171958615768819,12.48662147698894,6.207634677131645,3.068141277202997,4.316803424901891,5.886550124866215,4.530859793078844,0.5351409204423832,0.1070281840884766,0.1070281840884766,0.0356760613628255,0.2140563681769532,0.071352122725651,0.0356760613628255,0.0356760613628255,71,153148.0,Evergreen Forest,42,103075.0,Deciduous Forest,41,60116.0,Mixed Forest,43,349009.0
3,3,WFMB,2,-73.85882568359375,44.39323425292969,white,122,1.3203324899785962,1.4475520267734088,0.7638902817454292,0.295985994389733,0.079082414764343,0.1217754575175571,38.85525339323731,34.453572032332104,15.048867774775577,2.180497015784965,0.6252095254195522,0.6297940132319779,0.004297957324149,3.833491402652699,0.3403982200726068,121,614.599,202.2438620832745,40888.10608448794,0.8294117734933384,732.197998046875,-73.85882568359375,44.39323425292969,121,56.477805846264886,4.077950198484301,5.485384337784193,9.418982316853125,4.9079754601227,1.443522194153735,3.284012991699748,6.243233489714904,7.470227354745579,0.577408877661494,0.0721761097076867,0.1443522194153735,0.1082641645615301,0.1804402742692168,0.0721761097076867,0.0360880548538433,0.0,121,135606.0,Deciduous Forest,41,120244.0,Evergreen Forest,42,52521.0,Mixed Forest,43,349003.0
0,0,CHES,3,-73.77735900878906,43.653900146484375,coral,23,4.212127810759392,3.725044124051619,1.606230086872808,0.6988218305177987,0.1014280147615009,0.3535654525867009,19.665287551287047,39.505638709973184,19.59193847846517,0.5741857106837509,1.11570816237651,1.4549476241776882,0.0237811447039677,6.583938845210535,0.787356453572329,22,332.02,154.52653573253747,23869.98571155891,0.3286244069959917,292.0399780273437,-73.77735900878906,43.653900146484375,22,57.01754385964912,2.2660818713450293,5.043859649122807,13.121345029239768,5.774853801169591,1.9005847953216373,3.728070175438596,7.163742690058479,3.654970760233918,0.1096491228070175,0.219298245614035,0.0,0.0,0.0,0.0,0.0,0.0,22,137881.0,Evergreen Forest,42,68635.0,Deciduous Forest,41,68379.0,Mixed Forest,43,349016.0
1,1,COHO,3,-77.4376220703125,42.51177978515625,coral,29,0.0392529898171441,5.263338853583483,1.3105341271796869,0.2899563919339403,0.0389664716432963,0.071343025288094,32.60748729291899,2.663186425914996,16.371934971835262,0.5036989496243747,0.4718954323272725,17.184500512867533,19.3958477786246,2.645708817310282,1.1423479591310477,28,599.328,99.31285307827272,9859.555147654592,-0.4961639433770998,739.656005859375,-77.4376220703125,42.51177978515625,28,66.42857142857143,1.6785714285714286,5.071428571428571,8.25,2.321428571428572,0.8928571428571428,3.678571428571429,7.964285714285714,3.7142857142857135,0.0,0.0,0.0,0.0,0.0,0.0,0.0,0.0,28,113806.0,Deciduous Forest,41,67695.0,Cultivated Crops,82,59977.0,Pasture/Hay,81,349018.0
2,2,DEPO,3,-75.39219665527344,42.06855010986328,coral,36,4.513288027596008,3.3764425446085795,1.1474461087108492,0.4919263342463242,0.1077252776217926,0.447804810965058,54.44939776985756,2.255354748507317,20.947122932877985,0.5420644288841265,0.2549880241579665,9.82706654900927,0.7323026851098454,0.6718504681465522,0.2352192897007758,35,311.658,87.07426707573845,7579.237451650421,-0.0493592234068322,149.31597900390625,-75.39219665527344,42.06855010986328,35,72.47574559827524,3.3057851239669422,2.479338842975207,4.922745238950772,1.760689902982393,2.479338842975207,3.413582464965864,4.743083003952568,4.419690980955803,0.0,0.0,0.0,0.0,0.0,0.0,0.0,0.0,35,190048.0,Deciduous Forest,41,73113.0,Mixed Forest,43,34300.0,Pasture/Hay,81,349036.0
3,3,EDIN,3,-74.11293029785156,43.22819137573242,coral,40,14.7571841962009,3.138985187519697,0.973555281780936,0.3893648110477609,0.0475603816290863,0.633183393977595,31.254333438386382,26.775062315560263,12.101825058017935,1.0735466865312435,0.477322866229264,1.5179210956078275,0.0083087413689367,6.22496633527204,0.6268802108701258,39,324.703,147.75155952284993,21822.779274977565,0.4100898294577754,277.406005859375,-74.11293029785156,43.22819137573242,39,70.1098901098901,1.868131868131868,2.9670329670329667,8.315018315018314,5.4212454212454215,1.9413919413919407,2.6373626373626373,3.6996336996337,3.04029304029304,0.0,0.0,0.0,0.0,0.0,0.0,0.0,0.0,39,109087.0,Deciduous Forest,41,93453.0,Evergreen Forest,42,51507.0,Open Water,11,349030.0
4,4,HARP,3,-74.698486328125,42.472801208496094,coral,54,0.4695911777598868,4.531454586607913,1.1732616674354706,0.316594418196873,0.0621728404965804,0.0263589922842645,44.87675738553178,6.628140516349738,15.796485658702622,0.3294874035533067,0.4205978334054385,19.236620662584844,0.5140003495431585,5.272371478424305,0.3461050291238213,53,519.897,107.24095178114032,11496.555040997382,0.0208582971347783,483.7939453125,-74.698486328125,42.472801208496094,53,61.562942008486566,5.480905233380481,5.127298444130127,5.586987270155587,4.031117397454031,2.015558698727016,2.6166902404526167,6.506364922206506,7.072135785007072,0.0,0.0,0.0,0.0,0.0,0.0,0.0,0.0,53,156632.0,Deciduous Forest,41,67141.0,Pasture/Hay,81,55134.0,Mixed Forest,43,349027.0
5,5,ILAK,3,-74.23932647705078,43.79066848754883,coral,59,5.096006738521307,1.2560236994252774,0.4970805471037537,0.2237578716357531,0.0340937089944361,0.0174766071316017,52.2559148287579,22.41847592525742,8.791019888951919,0.3157249353938539,0.3022593528498329,0.1252012674837697,0.0163306001065786,8.201972278090066,0.4486617502965294,58,494.172,119.84033655442886,14356.61165523916,0.6431004725471082,409.343994140625,-74.23932647705078,43.79066848754883,58,64.49893390191897,3.233830845771144,3.731343283582089,7.569296375266525,5.223880597014925,3.091684434968017,3.233830845771144,4.584221748400854,4.832977967306325,0.0,0.0,0.0,0.0,0.0,0.0,0.0,0.0,58,182393.0,Deciduous Forest,41,78249.0,Evergreen Forest,42,30684.0,Mixed Forest,43,349038.0
6,6,PISE,3,-74.50431823730469,43.46474075317383,coral,83,8.079743052710295,0.9830354047464194,0.2896673839109967,0.1220556929239214,0.0140392698433618,0.0034381885330682,59.503582878967165,9.89482008245922,10.065296930557189,0.2561450457135817,0.1753476151864787,0.0956962475037318,0.0206291311984092,9.93923001767802,0.5572730580681392,82,535.991,120.25345349770576,14455.765101856045,0.1595694782015889,465.9820556640625,-74.50431823730469,43.46474075317383,82,69.33191186922531,2.1321961620469083,2.4875621890547266,6.645344705046198,6.325515280739161,2.55863539445629,2.1321961620469083,4.4065387348969445,3.9800995024875614,0.0,0.0,0.0,0.0,0.0,0.0,0.0,0.0,82,207680.0,Deciduous Forest,41,35130.0,Mixed Forest,43,34690.0,Woody Wetlands,90,349021.0
7,7,RAQU,3,-74.62509155273438,43.82275390625,coral,87,10.829279194100152,0.8480743554921409,0.1782102192959836,0.059594414169718,0.0174772080016961,0.0068762785580443,40.58580163082407,19.89995014698045,13.494983181768694,0.9363199303203772,0.1575813836218505,0.0180502312148665,0.0045841857053629,12.616252084371936,0.3469655555746563,86,539.74,98.78593377177376,9755.194046610235,1.3621822356225002,480.47998046875,-74.62509155273438,43.82275390625,86,80.09985734664765,2.24679029957204,0.9985734664764622,3.6733238231098433,3.2810271041369474,1.925820256776034,1.2838801711840229,2.1398002853067046,4.3509272467903,0.0,0.0,0.0,0.0,0.0,0.0,0.0,0.0,86,141655.0,Deciduous Forest,41,69456.0,Evergreen Forest,42,47101.0,Mixed Forest,43,349026.0
8,8,STEP,3,-73.35906219482422,42.52619934082031,coral,104,1.5655936161373043,3.51427629976648,2.08392429907881,1.0395266543459265,0.1676193750805862,0.0659016346470681,52.04309393848226,3.1245970688099023,21.50656867380124,0.4487041732926462,0.2280769616481139,8.758613773441642,0.8289279523216,4.308534261686795,0.3160413174596352,103,289.77,153.15167166476456,23447.14053281591,0.1286857598590557,223.0399780273437,-73.35906219482422,42.52619934082031,103,69.27643784786642,1.2987012987012987,2.782931354359926,6.679035250463822,1.9666048237476808,1.2987012987012987,4.452690166975881,9.61038961038961,2.4489795918367347,0.111317254174397,0.0742115027829313,0.0,0.0,0.0,0.0,0.0,0.0,103,181633.0,Deciduous Forest,41,75059.0,Mixed Forest,43,30568.0,Pasture/Hay,81,349005.0
9,9,WALT,3,-75.17878723144531,42.23949813842773,coral,114,0.3561186221675964,4.02674757406723,1.6450789448804009,0.4406359138324724,0.1567151136972447,0.0383909053664182,57.589796041152766,1.685475345303274,10.390469887491726,0.5512246412312594,0.2575628651075375,21.53701141126687,0.2211774547975739,0.9451611701777156,0.1584341094599202,113,559.796,92.4741999022764,8548.449503923272,-0.1225803868767175,608.592041015625,-75.17878723144531,42.23949813842773,113,66.46600566572238,3.966005665722379,1.1685552407932012,6.586402266288951,3.39943342776204,2.549575070821529,2.6912181303116145,5.878186968838526,7.294617563739377,0.0,0.0,0.0,0.0,0.0,0.0,0.0,0.0,113,201012.0,Deciduous Forest,41,75173.0,Pasture/Hay,81,36267.0,Mixed Forest,43,349041.0
10,10,WBOU,3,-74.58833312988281,41.74504852294922,coral,119,1.7498065957995472,7.138763932265552,2.7477722701355263,1.315435087819833,0.3128850176212716,0.1091659264777513,39.21492220853271,8.496031632331452,24.83825678347325,0.4349445574625368,0.7165983782699636,5.28953325119624,0.1280765594109051,6.913555485516175,0.5942523136872869,118,432.999,167.2669313323047,27968.311991912287,0.3361220954525536,450.99798583984375,-74.58833312988281,41.74504852294922,118,72.64621968616262,1.9971469329529243,1.2482168330955776,6.597717546362339,6.633380884450784,2.4251069900142657,2.0684736091298146,3.637660485021398,2.710413694721826,0.0,0.035663338088445,0.0,0.0,0.0,0.0,0.0,0.0,118,136864.0,Deciduous Forest,41,86688.0,Mixed Forest,43,29652.0,Evergreen Forest,42,349010.0
11,11,WHIT,3,-73.4230728149414,43.48507308959961,coral,124,2.184402039997708,1.803335052432525,1.7617901552919604,1.346914216950318,0.3498366855767577,0.3423872557446564,30.80253280614292,24.31236032319065,8.19781101369549,0.4595725173342502,0.6054094321242336,18.592344278264854,2.728210417741104,5.136668385765859,1.3764254197467194,123,36.5638,131.50526043335745,17287.501027488557,0.8960574098493835,-115.87239837646484,-73.4230728149414,43.48507308959961,123,68.8131785847997,1.010857356795208,2.6581804567577687,9.43466866342194,2.3212280044927,0.786222388618495,2.845376263571696,9.0228378884313,2.8079371022089106,0.0748783227255709,0.2246349681767128,0.0,0.0,0.0,0.0,0.0,0.0,123,107507.0,Deciduous Forest,41,84855.0,Evergreen Forest,42,64891.0,Pasture/Hay,81,349020.0
0,0,BKLN,4,-73.95367431640625,40.63176345825195,pink,10,34.718008222671074,1.846519690002436,3.8004784620453536,13.068889939404356,40.9302791983612,1.1735212801008497,1.4457002879367398,0.0134656982824072,0.0260718839084905,0.4993768533241652,0.9749738564900368,0.0369590442219261,0.0108871603134356,0.2641568897102009,1.1907115332273268,9,33.22,17.339499974472478,300.4789759661832,1.6727833884669434,52.44000244140625,-73.95367431640625,40.63176345825195,9,99.77611940298507,0.0,0.0,0.2238805970149253,0.0,0.0,0.0,0.0,0.0,0.0,0.0,0.0,0.0,0.0,0.0,0.0,0.0,9,142861.0,Developed High Intensity,24,121178.0,Open Water,11,45615.0,Developed Medium Intensity,23,349035.0
1,1,BRON,4,-73.89352416992188,40.87248229980469,pink,14,17.7678573986894,13.086781986298032,14.04064744800158,21.98503729215676,26.01253291537847,0.1664751676929292,4.265030759224186,0.326646628519689,0.2836668089776247,0.0593121509680487,0.2934089014071593,0.0762175466545941,0.0166188635562648,0.895699439256621,0.724066693218644,13,57.5,36.46165999230683,1328.9100156601417,1.170591462408621,86.0,-73.89352416992188,40.87248229980469,13,98.84135472370768,0.0,0.089126559714795,0.8021390374331552,0.0,0.0,0.0,0.267379679144385,0.0,0.0,0.0,0.0,0.0,0.0,0.0,0.0,0.0,13,90784.0,Developed High Intensity,24,76728.0,Developed Medium Intensity,23,62010.0,Open Water,11,349001.0
2,2,BUFF,4,-78.76717376708984,43.00017166137695,pink,17,0.8375382164418809,18.28400654443136,28.24506660477537,17.480565846893544,7.071366966667527,0.359599884240356,3.739265728555096,0.0094556144860013,0.8255037980051518,0.1830950805016633,0.3260754328808965,5.603167917386583,2.515479987048673,13.707202599434382,0.8126097782515137,16,179.588,41.54711876340132,1725.5520463622836,0.3791277168580766,177.17599487304688,-78.76717376708984,43.00017166137695,16,100.0,0.0,0.0,0.0,0.0,0.0,0.0,0.0,0.0,0.0,0.0,0.0,0.0,0.0,0.0,0.0,0.0,16,98575.0,Developed Low Intensity,22,63811.0,Developed Open Space,21,61007.0,Developed Medium Intensity,23,348999.0
3,3,MANH,4,-73.96448516845703,40.76754379272461,pink,66,16.713223602217543,2.5550446230320745,5.287435357485639,18.201899522970475,53.48747260303408,0.0573008437549242,0.3842021573767674,0.0421161201598693,0.0146117151575056,0.0518572635982064,0.1532797570444224,0.0191957826578996,0.0,1.795235434841778,1.2371252166688154,65,94.7928,32.757391728085324,1072.5712822943003,1.887165786062392,167.58560180664062,-73.96448516845703,40.76754379272461,65,98.93075356415478,0.0,0.0,0.8146639511201629,0.0,0.0,0.0,0.2545824847250509,0.0,0.0,0.0,0.0,0.0,0.0,0.0,0.0,0.0,65,186690.0,Developed High Intensity,24,63531.0,Developed Medium Intensity,23,58335.0,Open Water,11,349035.0
4,4,QUEE,4,-73.81585693359375,40.734336853027344,pink,85,10.901141969826329,4.598247795419515,9.3878743775892,30.755831609587275,42.10161411389903,0.0200546632822034,1.242816133117125,0.0126057883488136,0.0441202592208476,0.087381032872458,0.1438205852523736,0.0372443746669493,0.0103138268308475,0.3168636798588151,0.340069790228222,84,54.5592,21.847481526874017,477.0660306628333,1.523545672414868,93.11840057373048,-73.81585693359375,40.734336853027344,84,98.95641497851445,0.0,0.0,0.798035604665439,0.0,0.0,0.0,0.245549416820135,0.0,0.0,0.0,0.0,0.0,0.0,0.0,0.0,0.0,84,146954.0,Developed High Intensity,24,107352.0,Developed Medium Intensity,23,38050.0,Open Water,11,349046.0
5,5,SOUT,4,-72.46586608886719,41.04008102416992,pink,100,68.88643129120337,4.10651202901748,4.043766886035911,2.98197008288662,0.7111116204577818,0.8893192868255255,4.666347688314219,0.1060077758136096,2.401219375929359,0.0759244880827204,0.8065186186900305,6.5994138056505,1.998103320335443,0.3738922903696233,1.3534614403878165,99,8.93064,12.35149786877558,152.39313155481875,1.400993925958364,5.86128044128418,-72.46586608886719,41.04008102416992,99,100.0,0.0,0.0,0.0,0.0,0.0,0.0,0.0,0.0,0.0,0.0,0.0,0.0,0.0,0.0,0.0,0.0,99,240435.0,Open Water,11,23034.0,Pasture/Hay,81,16287.0,Deciduous Forest,41,349031.0
6,6,STAT,4,-74.14849853515625,40.6040153503418,pink,103,26.94011334399157,4.369588512030623,7.670488731498513,25.41902322463084,23.26617501274977,0.5678660042518322,4.111441554497373,0.0074493017712147,0.0378195320692441,0.3544148573458711,1.4099236160056845,0.0902511560743325,0.0492799963326514,2.6373393386166075,3.0688258181338925,102,25.06,34.111868310725455,1163.0609328793614,1.65859077694247,25.11999893188477,-74.14849853515625,40.6040153503418,102,99.82195845697328,0.0,0.0,0.1780415430267062,0.0,0.0,0.0,0.0,0.0,0.0,0.0,0.0,0.0,0.0,0.0,0.0,0.0,102,94028.0,Open Water,11,88719.0,Developed Medium Intensity,23,81205.0,Developed High Intensity,24,349026.0
7,7,STON,4,-73.13168334960938,40.91912078857422,pink,105,35.84345030529998,23.26898776794336,18.18705390528967,8.42977527285022,2.518903957295251,0.8352411597674506,6.302560737648316,0.0873922997355308,1.9229171263119589,0.0951286672531024,0.2472772284320102,0.2747843129389314,0.0085959639084128,0.3257870321288477,1.6521442631969536,104,43.9217,18.32504215762136,335.5750987793061,0.6680824129280398,62.84339904785156,-73.13168334960938,40.91912078857422,104,100.0,0.0,0.0,0.0,0.0,0.0,0.0,0.0,0.0,0.0,0.0,0.0,0.0,0.0,0.0,0.0,0.0,104,125094.0,Open Water,11,81209.0,Developed Open Space,21,63473.0,Developed Low Intensity,22,349001.0
8,8,WANT,4,-73.50615692138672,40.65510177612305,pink,115,28.434642095853675,4.025132366086777,12.392559994499072,33.46312085997846,8.336771413509362,1.8419514543079143,1.0297050127208969,0.0097412271654174,0.0406839487496848,0.0999908317861972,0.2031332370670884,0.0131793073414472,0.0,0.8798620183822686,9.229526232551745,114,8.5344,21.619068652700367,467.0659645841607,0.8175526562762097,-0.9312000274658204,-73.50615692138672,40.65510177612305,114,100.0,0.0,0.0,0.0,0.0,0.0,0.0,0.0,0.0,0.0,0.0,0.0,0.0,0.0,0.0,0.0,0.0,114,116797.0,Developed Medium Intensity,23,99246.0,Open Water,11,43254.0,Developed Low Intensity,22,349032.0
0,0,ANDE,5,-74.8013916015625,42.18227005004883,red,2,1.8202030215427456,4.007139848779608,0.595655923467239,0.093975537709117,0.0091683451423528,0.0905374082807347,66.34959473049364,2.8195526420592105,11.07049024860541,0.8755769610947005,0.4624284081174236,10.919785575327984,0.0541505384970217,0.7283104172456571,0.1034303936371684,1,518.282,114.44624297082912,13093.302805543604,0.5543662885688075,428.56396484375,-74.8013916015625,42.18227005004883,1,52.49734325185972,6.269925611052073,3.719447396386823,6.836698547644351,5.419766206163656,4.3216436415161175,6.269925611052073,6.69500531349628,7.970244420828905,0.0,0.0,0.0,0.0,0.0,0.0,0.0,0.0,1,231578.0,Deciduous Forest,41,38639.0,Mixed Forest,43,38113.0,Pasture/Hay,81,349027.0
1,1,CLAR,5,-74.51709747314453,41.97919845581055,red,25,0.0850968729048118,1.4735798563954454,0.0871025231079555,0.0378208324021385,0.0034382574911035,0.0005730429151839,61.30728280240907,2.4996131960322505,33.14422917132264,0.2661784341029299,0.1246368340525021,0.2114528357028658,0.0,0.7111462577432424,0.0478490834178571,24,583.692,197.5983947101665,39031.255209941664,-0.0979719598508321,597.384033203125,-74.51709747314453,41.97919845581055,24,47.540983606557376,5.595153243050606,5.41696364932288,7.056307911617961,9.62223806129722,6.6999287241625085,6.6999287241625085,5.167498218104063,6.022808267997149,0.0356379187455452,0.0,0.142551674982181,0.0,0.0,0.0,0.0,0.0,24,213971.0,Deciduous Forest,41,115678.0,Mixed Forest,43,8724.0,Evergreen Forest,42,349014.0
2,2,MEDU,5,-74.16541290283203,42.46868896484375,red,68,0.4561199435007206,4.862891834822695,1.2878512223842582,0.2933836822517197,0.0372459752858628,0.041543587818847,40.63822411189837,9.988511049161822,20.53743077262478,0.6013792471155857,0.578745154441869,16.130658881302807,0.0429761253298417,3.882463162297905,0.6205752497629151,67,380.147,187.0142329314569,34961.95178610821,0.1991876659063531,369.29400634765625,-74.16541290283203,42.46868896484375,67,65.27677929547089,5.93098490294752,7.979870596693027,3.8461538461538463,2.731847591660676,3.8461538461538463,3.2710280373831773,3.558590941768512,2.947519769949676,0.0,0.0,0.2875629043853343,0.0,0.0,0.3235082674335011,0.0,0.0,67,141840.0,Deciduous Forest,41,71682.0,Mixed Forest,43,56301.0,Pasture/Hay,81,349031.0
3,3,ROXB,5,-74.46746063232422,42.32963943481445,red,90,1.4783702400632603,3.6841788598785774,0.8930387671079811,0.2896574249426272,0.0776430881893689,0.1710439987049935,39.89622757733509,13.04260628651159,27.566447871691214,0.373317136202021,0.3303412571304145,10.518776161566384,0.1747685748911994,1.1941564264697035,0.3094263293155661,89,573.055,139.85395002153717,19552.19884660302,0.1277004575505395,560.1099853515625,-74.46746063232422,42.32963943481445,89,45.52238805970149,8.24449182658138,8.813077469793889,6.041222459132907,5.259417199715707,6.2544420753375976,6.50319829424307,7.036247334754798,6.076759061833688,0.0,0.0,0.0355366027007818,0.0,0.0,0.2132196162046908,0.0,0.0,89,139251.0,Deciduous Forest,41,96216.0,Mixed Forest,43,45523.0,Evergreen Forest,42,349033.0
4,4,TANN,5,-74.1134262084961,42.170711517333984,red,107,0.3483921245043434,3.697655229319948,0.8546494304247174,0.3509706846363657,0.0870980311260858,0.0297966948589241,42.8662701414197,10.24490591120585,37.07367805817231,0.1552866212840083,0.2017007036604093,0.8027917211029362,0.254704439707534,2.8768135872928555,0.1552866212840083,106,711.373,276.7980093911227,76590.0072882978,0.4731693614100754,1149.7459716796875,-74.1134262084961,42.170711517333984,106,58.78766140602583,6.527977044476327,6.886657101865136,4.375896700143472,5.236728837876614,6.707317073170732,4.232424677187948,3.012912482065997,2.977044476327116,0.3586800573888092,0.0,0.430416068866571,0.1076040172166427,0.0,0.3586800573888092,0.0,0.0,106,149617.0,Deciduous Forest,41,129399.0,Mixed Forest,43,35758.0,Evergreen Forest,42,349032.0
0,0,BEAC,6,-73.94526672363281,41.528751373291016,magenta,4,10.653123791241065,11.11184333051588,10.012463647694226,9.87636634528602,3.9726086271363696,0.5329283841668696,42.71277738779136,0.0899674799077403,0.5355070698967094,0.4054267008581293,0.5111528157815567,4.466283684082346,0.080798819534977,4.492357062017391,0.5463948540893657,3,90.1598,77.44522656902588,5995.64451602527,0.6429008895757025,43.31959533691406,-73.94526672363281,41.528751373291016,3,87.07360861759426,0.8258527827648114,1.0771992818671454,3.5906642728904847,1.18491921005386,0.1795332136445242,0.8976660682226212,3.1238779174147218,2.0466786355475763,0.0,0.0,0.0,0.0,0.0,0.0,0.0,0.0,3,149074.0,Deciduous Forest,41,38782.0,Developed Open Space,21,37181.0,Open Water,11,349015.0
1,1,BREW,6,-73.57642364501953,41.4399299621582,magenta,12,5.404483919490008,12.098846787479408,8.826301840842346,5.321968340376764,1.4718143399469952,0.1575818351120979,51.12241243463935,0.2859394026215887,2.3688847503760475,0.4478189241458348,0.7437862617291024,2.956235226702958,0.0146121338013036,8.588783038464292,0.1905307642719003,11,185.349,62.59811716445947,3917.140124081656,0.7287275993082759,208.697998046875,-73.57642364501953,41.4399299621582,11,90.40793825799338,0.4410143329658214,0.9187798603454612,2.241822859242925,0.5145167217934583,0.2572583608967291,1.3597941933112825,2.940095553105476,0.9187798603454612,0.0,0.0,0.0,0.0,0.0,0.0,0.0,0.0,11,178430.0,Deciduous Forest,41,42228.0,Developed Open Space,21,30806.0,Developed Low Intensity,22,349025.0
2,2,BSPA,6,-73.8749771118164,43.02280044555664,magenta,16,1.0589681364051813,8.568301439176663,7.188433867497185,3.7708548818259175,1.2583842140399233,0.4188883699741274,14.068288545895784,10.624063446402632,13.029663141548168,0.4117254361510404,0.6627146373120089,12.987831608021338,1.819958225769944,23.01336030416682,1.1185637458132651,15,120.518,122.9005071395832,15099.182233247828,1.2123614144440142,103.03599548339844,-73.8749771118164,43.02280044555664,15,91.92501802451334,1.2977649603460706,0.6488824801730353,2.559480894015861,0.684931506849315,0.3965392934390771,0.3965392934390771,1.4780100937274692,0.6128334534967556,0.0,0.0,0.0,0.0,0.0,0.0,0.0,0.0,15,80321.0,Woody Wetlands,90,49101.0,Deciduous Forest,41,45476.0,Mixed Forest,43,349019.0
3,3,COPA,6,-73.51988220214844,42.13658905029297,magenta,31,1.409915536862372,3.8065713925530327,2.693480179240634,0.8678386834294097,0.1378112930767732,0.0515717936669837,41.4806261961791,4.422854326873488,15.974363088348213,0.3965297913061416,0.4142934091247693,14.794515053233551,4.697044363202952,8.108805024238743,0.7437798686638322,30,208.849,128.58866415538594,16529.18728941922,0.3725323344794019,175.697998046875,-73.51988220214844,42.13658905029297,30,82.86030224843347,1.6586804275709546,1.6586804275709546,3.317360855141909,0.8846295613711759,0.7003317360855142,3.059343899741984,5.160339107998525,0.7003317360855142,0.0,0.0,0.0,0.0,0.0,0.0,0.0,0.0,30,144779.0,Deciduous Forest,41,55755.0,Mixed Forest,43,51637.0,Pasture/Hay,81,349028.0
4,4,DOVE,6,-73.5754165649414,41.7736701965332,magenta,37,0.7693343610226846,3.107996206336335,2.365595711211652,1.3174671850958302,0.3378194456781174,0.2796537565579665,57.04506838050103,1.8744824543055505,5.326888307550365,0.8094486293814093,0.719764586550832,16.23137909989312,2.2564275951782653,7.016558596917505,0.5421156838193368,36,128.961,93.74916391251956,8785.786889110408,0.4228979873472017,45.9219970703125,-73.5754165649414,41.7736701965332,36,82.21242190371187,0.330760749724366,1.5803013597941933,5.071664829106946,1.2127894156560088,0.5145167217934583,1.6538037486218304,6.431459022418229,0.9922822491730982,0.0,0.0,0.0,0.0,0.0,0.0,0.0,0.0,36,199089.0,Deciduous Forest,41,56648.0,Pasture/Hay,81,24488.0,Woody Wetlands,90,349003.0
5,5,ESSX,6,-73.37189483642578,44.313602447509766,magenta,45,31.68687609595085,1.9503627382439568,1.6549574226674155,0.5231911796729052,0.122345363483204,0.1495650579349707,15.875385373568818,10.163833908289686,10.432879098712938,0.1518572427309089,0.3369511650029225,18.415412650567887,1.644356067986201,6.171421039964242,0.7206055952230869,44,55.5,170.42192158836724,29033.35406439748,1.6314225398521014,-21.0,-73.37189483642578,44.313602447509766,44,76.63796330962185,1.9842755522276303,4.193186072631973,6.102583302134032,2.2463496817671285,0.4867090977162112,2.508423811306627,3.1074503931111943,2.73305877948334,0.0,0.0,0.0,0.0,0.0,0.0,0.0,0.0,44,110591.0,Open Water,11,64272.0,Pasture/Hay,81,55407.0,Deciduous Forest,41,349012.0
6,6,FAYE,6,-75.99004364013672,43.05422592163086,magenta,46,0.8380776647288211,10.782406386008544,11.345422663339187,6.149341142020498,3.0872775512659985,1.5202872099320082,23.31689650528777,1.941474959385467,1.849787830252741,1.620570007420927,0.9661531232360973,12.824450665161468,8.595381833914496,14.457341130559604,0.7051313274863688,45,179.07,132.37643235510052,17517.316827190854,0.7606754615705389,188.1400146484375,-75.99004364013672,43.05422592163086,45,89.70957332377196,1.577626389386877,2.47400501972033,1.254930082466834,0.0717102904266762,0.1434205808533524,1.1473646468268195,2.868411617067049,0.7529580494801004,0.0,0.0,0.0,0.0,0.0,0.0,0.0,0.0,45,81379.0,Deciduous Forest,41,50458.0,Woody Wetlands,90,44759.0,Pasture/Hay,81,349013.0
7,7,GFAL,6,-73.60202026367188,43.34086990356445,magenta,49,2.508839389580695,8.320773854890746,9.470897348469654,5.458072354056951,2.2369242935651537,0.6919651811143648,13.40091574356888,11.404674991260896,6.736273874947709,0.5693311862833303,0.7031397741013049,20.457814478834173,6.475533371919108,10.21701632636688,1.347827831040154,48,98.664,122.03925582798576,14888.309764901687,0.8795992792059012,12.3280029296875,-73.60202026367188,43.34086990356445,48,75.52650689905592,0.9803921568627452,2.142338416848221,9.04139433551198,2.396514161220044,0.7262164124909223,2.1060275962236745,5.083514887436456,1.851851851851852,0.0,0.1452432824981844,0.0,0.0,0.0,0.0,0.0,0.0,48,71399.0,Pasture/Hay,81,46770.0,Deciduous Forest,41,39803.0,Evergreen Forest,42,349006.0
8,8,HFAL,6,-74.12312316894531,41.79880142211914,magenta,58,1.5225750256436703,7.663016383296944,2.913063659337448,1.1982327356495728,0.3272075045700172,0.125496398425278,45.71535812316985,2.406493722314864,10.73939727346181,0.1850928616044055,0.3996974333407828,11.031076117290423,2.603620485138132,12.717827938134288,0.4518443386225195,57,193.121,166.3413345408341,27659.645084940086,1.8931052410634497,252.24200439453125,-74.12312316894531,41.79880142211914,57,78.6827195467422,1.947592067988669,2.0892351274787537,5.347025495750708,5.453257790368272,1.593484419263456,0.9206798866855525,1.41643059490085,2.372521246458924,0.0354107648725212,0.0354107648725212,0.1062322946175637,0.0,0.0,0.0,0.0,0.0,57,159553.0,Deciduous Forest,41,44387.0,Woody Wetlands,90,38500.0,Pasture/Hay,81,349014.0
9,9,JOHN,6,-74.30176544189453,42.984283447265625,magenta,60,1.5632655517129734,6.860775959634742,5.780013924982737,4.100420328182618,1.7283023841518796,0.3148879841152049,8.902247194230588,10.67524705383467,7.051026752585147,0.2664657190419841,0.5082905221295482,30.45875082017002,9.644912940205666,10.829396039689064,1.3159968253331538,59,227.198,116.71037489320662,13616.484778652692,0.7557340413057966,184.39599609375,-74.30176544189453,42.984283447265625,59,87.969376594969,1.1666059059423988,1.2395187750637988,2.6248632883703973,2.952971199416697,1.093693036820999,0.8020415603353991,1.2759752096244987,0.8749544294567991,0.0,0.0,0.0,0.0,0.0,0.0,0.0,0.0,59,106305.0,Pasture/Hay,81,37796.0,Woody Wetlands,90,37258.0,Evergreen Forest,42,349013.0
10,10,KIND,6,-73.71556854248047,42.41001129150391,magenta,62,4.392685638316161,3.67781050508292,4.807571086380984,2.707356767102564,0.5274890261652895,0.1527168120293858,32.96419607348744,3.303038290947016,5.303542571602122,0.5217585641754439,0.4839375150424627,22.63360572129325,9.5360617973021,7.873654774047884,1.1145748570249734,61,72.5729,116.99763986888928,13683.591953501558,0.6299133812718933,-10.854202270507812,-73.71556854248047,42.41001129150391,61,93.10718152291592,0.4330566582461205,0.866113316492241,1.6961385781306386,0.577408877661494,0.2526163839769036,1.0465535907614578,1.7683146878383256,0.2526163839769036,0.0,0.0,0.0,0.0,0.0,0.0,0.0,0.0,61,115049.0,Deciduous Forest,41,78994.0,Pasture/Hay,81,33282.0,Cultivated Crops,82,349012.0
11,11,OTIS,6,-74.50367736816406,41.48249053955078,magenta,79,0.964406357174169,7.565117485094105,4.547264793437682,2.806405308532676,0.9781590324992908,0.1403918939439521,48.054426212599175,1.6030462175845146,11.189520461402257,0.391664732696699,0.6386398604103455,9.241511304412604,0.2378066774968984,10.427679551204362,1.2139601115112757,78,237.165,119.8221592299383,14352.25316171442,0.5317107525102079,253.3299865722656,-74.50367736816406,41.48249053955078,78,82.78718041051495,0.6841915736406193,1.1523226503420958,5.545552754771336,2.9528267915016206,0.4681310767014764,0.7922218221101909,4.069139359020526,1.5124234785740007,0.0,0.0360100828231904,0.0,0.0,0.0,0.0,0.0,0.0,78,167721.0,Deciduous Forest,41,39054.0,Mixed Forest,43,36395.0,Woody Wetlands,90,349023.0
12,12,PENN,6,-76.98745727539062,42.65578079223633,magenta,81,24.01775251345908,5.049266376521756,2.091564690949828,0.8202944808478573,0.2249148332048788,0.0871007761710613,12.86455542789689,0.6291885015514826,2.8703143936897777,0.4624363576976743,0.13122419567877,5.5412138524616,43.01775537861619,2.0766658739732,0.1157523472799631,80,250.668,115.04071093689812,13229.663799803766,0.4499795330787846,226.33599853515625,-76.98745727539062,42.65578079223633,80,85.08611212898498,0.2565042139978014,2.198607548552584,4.250641260534994,0.5496518871381458,0.1832172957127152,1.282521069989007,4.910223525100769,1.282521069989007,0.0,0.0,0.0,0.0,0.0,0.0,0.0,0.0,80,150141.0,Cultivated Crops,82,83827.0,Open Water,11,44900.0,Deciduous Forest,41,349021.0
13,13,REDH,6,-73.8839111328125,42.00167846679688,magenta,89,8.030932945191154,5.476300309730583,5.583459641904456,2.6712472028262555,0.8850673184093429,0.5097231335222471,41.99184557595276,1.335480340273858,3.5866858827608143,0.4787787274399521,0.657855151527307,16.2664427972597,2.506783414944429,8.770446946102293,1.248950612154848,88,64.8005,163.42453801513605,26698.125614973764,2.383884452168089,-3.3990020751953125,-73.8839111328125,42.00167846679688,88,86.7931281317108,1.1095204008589834,1.7537580529706516,2.863278453829635,1.8611309949892625,2.326413743736578,0.8589835361488906,1.395848246241947,0.4652827487473156,0.322118826055834,0.0,0.0357909806728704,0.1073729420186113,0.0,0.1073729420186113,0.0,0.0,88,146557.0,Deciduous Forest,41,56772.0,Pasture/Hay,81,30610.0,Woody Wetlands,90,349013.0
14,14,SCHA,6,-73.61405181884766,42.896968841552734,magenta,94,4.55864698921866,3.764157133074902,4.2601044612338805,2.511252646628217,0.7022339117952949,0.4925092184317062,14.71797472416332,5.235381587203356,21.58330683123752,0.8240002979695097,0.760681777158918,19.65710585653341,13.290299659913646,6.841551848127233,0.800793057310424,93,98.45,108.99360045764551,11875.390820486486,1.4407450475466432,72.89999389648438,-73.61405181884766,42.896968841552734,93,92.08318132068588,0.5472455308281649,0.8391098139365194,0.8391098139365194,0.0364830353885443,0.2553812477198103,0.8026267785479753,3.319956220357534,1.2769062385990515,0.0,0.0,0.0,0.0,0.0,0.0,0.0,0.0,93,75332.0,Mixed Forest,43,68609.0,Pasture/Hay,81,51370.0,Deciduous Forest,41,349029.0
15,15,SCHO,6,-73.68583679199219,42.506309509277344,magenta,95,3.2139756509181763,4.39418120553456,6.012200328360176,3.937456841839849,0.9773442939539894,0.2825158234648589,29.449552587770444,2.82888308830482,10.571994257994826,0.5865211872541238,0.5455477970355895,19.910202374164417,7.71474497646179,8.432782150501279,1.142097436441103,94,104.882,135.1223514353378,18251.57996022946,0.7692207950222265,54.764007568359375,-73.68583679199219,42.506309509277344,94,90.69767441860463,0.4293381037567084,1.037567084078712,1.932021466905188,0.6797853309481217,0.2862254025044722,1.2880143112701252,3.363148479427549,0.2862254025044722,0.0,0.0,0.0,0.0,0.0,0.0,0.0,0.0,94,102781.0,Deciduous Forest,41,69488.0,Pasture/Hay,81,36897.0,Mixed Forest,43,349007.0
16,16,SCHU,6,-73.57828521728516,43.11699676513672,magenta,96,2.056896289908057,4.208056248764401,3.4112560562258434,1.614516031986614,0.4263353781004581,0.3002684652212904,22.7648193088668,6.840562602250294,8.90118359640251,0.4598577162978731,0.5907953962655542,20.284739313680262,15.72541480312073,11.407623037009234,1.0076757559000746,95,31.4462,98.60440113522836,9719.377664925016,1.5082221088292451,-78.10760116577148,-73.57828521728516,43.11699676513672,95,90.36982790186744,0.2196997436836323,0.7689491028927133,3.149029659465397,0.7323324789454413,0.3295496155254486,0.585865983156353,2.782863419992677,1.0618820944708898,0.0,0.0,0.0,0.0,0.0,0.0,0.0,0.0,95,79454.0,Deciduous Forest,41,70798.0,Pasture/Hay,81,54885.0,Cultivated Crops,82,349021.0
17,17,SOME,6,-73.7671127319336,41.31037139892578,magenta,99,5.909115652495294,17.88692889292539,11.374438813077123,6.01254308282503,1.5703206250340225,0.0873832860126576,46.59334110710326,0.3011142085223056,2.679945106106229,0.2392296518707185,0.4429329841821927,2.53698032013798,0.0575870179952268,4.213020396118463,0.095118855594106,98,184.892,79.34171470371463,6292.874592554123,0.3969366769490893,223.78399658203125,-73.7671127319336,41.31037139892578,98,89.61887477313975,0.7622504537205083,0.8711433756805809,2.468239564428312,1.0526315789473684,0.2177858439201452,0.6533575317604355,2.6497277676951,1.7059891107078042,0.0,0.0,0.0,0.0,0.0,0.0,0.0,0.0,98,162628.0,Deciduous Forest,41,62432.0,Developed Open Space,21,39701.0,Developed Low Intensity,22,349037.0
18,18,SUFF,6,-74.0898666381836,41.13037872314453,magenta,106,0.9445881715901572,23.29181958566472,16.8166490469601,10.724241564744542,3.272681432840268,0.0504238757051463,36.90454703029157,0.0621703467500952,1.2153300042115396,0.2400864081870038,0.3097057365753593,1.0603338862769702,0.0,5.03837658040173,0.069046329800797,105,178.095,100.88910657727084,10175.011326552076,0.5752419563382959,233.19000244140625,-74.0898666381836,41.13037872314453,105,89.14141414141415,0.3968253968253968,0.6132756132756133,4.329004329004329,1.406926406926407,0.0721500721500721,0.3246753246753247,2.84992784992785,0.8658008658008658,0.0,0.0,0.0,0.0,0.0,0.0,0.0,0.0,105,128812.0,Deciduous Forest,41,81298.0,Developed Open Space,21,58697.0,Developed Low Intensity,22,349041.0
19,19,TICO,6,-73.41879272460938,43.87469100952149,magenta,108,9.763434822096224,2.353618670799944,2.32697393113051,1.2488647335382783,0.3114283012975702,0.3710208373324318,23.83013835209448,12.184095095935389,10.44301893495532,0.623143105172231,0.9551995920203304,25.194463624200296,4.227918530127178,4.360282720743073,1.806398748556744,107,83.637,146.2779090007626,21389.644370118152,0.5355104759016845,0.2740020751953125,-73.41879272460938,43.87469100952149,107,76.2618873445501,1.4630577907827358,3.7673738112655455,7.863935625457205,2.487198244330651,0.6217995610826628,1.3899049012435991,4.023408924652524,2.04828090709583,0.0731528895391368,0.0,0.0,0.0,0.0,0.0,0.0,0.0,107,87938.0,Pasture/Hay,81,83176.0,Deciduous Forest,41,42527.0,Evergreen Forest,42,349037.0
20,20,VOOR,6,-73.97561645507812,42.65242004394531,magenta,112,0.9918974981949872,8.82135530673757,5.128814880181533,1.7795133914757555,0.6492315802743619,0.2246238124161958,10.053634665413664,9.193245241069484,32.91254569833939,1.0199754747470118,1.361208842843554,16.890335445866807,1.4523190116552254,8.369529092221828,1.1517700585626367,111,115.062,151.78194751404396,23029.57275405893,0.6446503288785714,46.12399291992188,-73.97561645507812,42.65242004394531,111,87.3472322070453,2.336448598130841,2.480230050323508,1.689432063263839,1.0783608914450036,1.150251617541337,1.5815959741193386,1.4378145219266714,0.8986340762041696,0.0,0.0,0.0,0.0,0.0,0.0,0.0,0.0,111,114874.0,Mixed Forest,43,58952.0,Pasture/Hay,81,35090.0,Deciduous Forest,41,349028.0
21,21,WALL,6,-74.15370178222656,41.634090423583984,magenta,113,1.1099523241954707,7.387457596039241,3.827816998258,1.475829742367287,0.3607201797011093,0.2237668469790043,36.7908797102778,0.1515655083891079,1.1520697717062438,0.7672824791418356,0.6933620610617035,26.501329421472448,2.17348950215458,16.279109746034656,1.105368112221509,112,107.777,106.834277699148,11409.515528771188,1.6478329355967536,84.55400085449219,-74.15370178222656,41.634090423583984,112,81.71164772727273,1.9176136363636365,1.1008522727272727,5.7883522727272725,3.018465909090909,0.2840909090909091,0.4261363636363636,2.947443181818182,2.769886363636364,0.0,0.0355113636363636,0.0,0.0,0.0,0.0,0.0,0.0,112,128409.0,Deciduous Forest,41,92496.0,Pasture/Hay,81,56818.0,Woody Wetlands,90,349024.0
22,22,WARW,6,-74.39055633544922,41.240360260009766,magenta,117,3.781099659311345,9.271373270410518,3.82637199533523,1.4363938005553023,0.3702016338155697,0.0822351926509818,45.37147670910232,0.3206312912071381,4.429525586033198,0.45043109006043,0.5601735248525068,14.718380281891925,3.033246513600325,10.408339278909107,1.940120172264104,116,164.287,81.52114059769457,6643.338898451835,0.5156340580702472,121.57400512695312,-74.39055633544922,41.240360260009766,116,85.94452773613193,0.3373313343328336,0.4872563718140929,4.085457271364318,1.461769115442279,0.0374812593703148,0.224887556221889,4.6476761619190405,2.7736131934032984,0.0,0.0,0.0,0.0,0.0,0.0,0.0,0.0,116,158346.0,Deciduous Forest,41,51367.0,Pasture/Hay,81,36325.0,Woody Wetlands,90,348999.0
0,0,CAMD,7,-75.74298858642578,43.33985137939453,gray,20,0.2856692597527256,4.105098780819759,0.7911061446111087,0.3117433847652612,0.0942679904299365,0.0137533846219968,39.15015544189912,24.16870818469649,4.940330367759774,1.094253663987622,0.9085829715906648,8.06893884041776,3.286199338118365,12.281199409750576,0.4999928367788427,19,150.327,122.90162598985894,15099.453355465015,0.9631149616437916,117.65399169921876,-75.74298858642578,43.33985137939453,19,98.93617021276596,0.0354609929078014,0.1418439716312056,0.1773049645390071,0.3546099290780142,0.2127659574468085,0.0354609929078014,0.0709219858156028,0.0354609929078014,0.0,0.0,0.0,0.0,0.0,0.0,0.0,0.0,19,136636.0,Deciduous Forest,41,84350.0,Evergreen Forest,42,42862.0,Woody Wetlands,90,349005.0
1,1,COLD,7,-74.97877502441406,43.261268615722656,gray,30,0.5678660042518322,3.2264072017557432,0.8039515680780228,0.4269022938119223,0.0524316240050884,0.116037200666999,37.54992464744747,21.722736988075383,13.584088291416684,0.8523720295909188,1.2044947940841084,9.37408674425401,1.5113487247368391,8.548646805682099,0.4587050821428776,29,433.395,146.31474014365818,21400.408999842828,0.1664052071179423,471.78997802734375,-74.97877502441406,43.261268615722656,29,90.25348089967868,1.5708675473045342,0.7854337736522671,0.9639414494823276,1.4994644769725098,2.320599785790789,1.1424491253123883,0.5355230274901821,0.9282399143163156,0.0,0.0,0.0,0.0,0.0,0.0,0.0,0.0,29,131059.0,Deciduous Forest,41,75818.0,Evergreen Forest,42,47412.0,Mixed Forest,43,349026.0
2,2,CROG,7,-75.20099639892578,43.97496032714844,gray,33,2.4411418354979846,1.7271365005143016,0.0363879123366483,0.0137529117492844,0.0008595569843302,0.001146075979107,62.758834096906455,11.639261124816269,6.272187314658026,1.951480873424504,0.6925164103754259,0.4294919731703613,0.1959789924273029,11.602013655495291,0.2378107656647097,32,418.948,128.4662672081308,16497.72740038363,0.1484338065885747,424.89599609375,-75.20099639892578,43.97496032714844,32,99.45075064079091,0.036616623947272,0.036616623947272,0.0732332478945441,0.1464664957890882,0.0,0.0,0.0732332478945441,0.1830831197363603,0.0,0.0,0.0,0.0,0.0,0.0,0.0,0.0,32,219039.0,Deciduous Forest,41,40623.0,Evergreen Forest,42,40493.0,Woody Wetlands,90,349017.0
3,3,EDWA,7,-75.24413299560547,44.32176971435547,gray,41,2.069461475870131,2.429891011609384,0.3655867151059514,0.1581535005787501,0.0154715381000951,0.2432469601292733,51.2463183469521,13.3745716676026,5.807556986832002,2.8261342929507087,0.9901784384060875,5.625623159173476,0.7457854384175481,12.652853066229644,1.4491674020422431,40,207.996,112.65380477589947,12686.382607973896,0.5329938089728409,173.99200439453125,-75.24413299560547,44.32176971435547,40,99.92690058479532,0.0,0.0,0.0,0.0,0.0,0.0,0.0365497076023391,0.0365497076023391,0.0,0.0,0.0,0.0,0.0,0.0,0.0,0.0,40,178864.0,Deciduous Forest,41,46681.0,Evergreen Forest,42,44162.0,Woody Wetlands,90,349028.0
4,4,ELLE,7,-73.84501647949219,44.89550018310547,gray,43,0.4332427878829556,2.067072401975954,1.0117594470996802,0.302295728317803,0.0604591456635606,0.069628305195475,38.40703045307109,9.74509736501278,9.674322914875816,0.9432772868456945,0.8226455317539455,13.354021249527214,3.055335877775103,19.54349046980481,0.5103210351981111,42,297.912,192.3956665169625,37002.97552338842,0.5010241569619202,327.823974609375,-73.84501647949219,44.89550018310547,42,88.10830589096231,1.0245151847786316,1.353823637028906,1.9758507135016463,2.3783388218075374,0.5854372484449323,1.1708744968898646,1.609952433223564,1.7929015733626052,0.0,0.0,0.0,0.0,0.0,0.0,0.0,0.0,42,134039.0,Deciduous Forest,41,68206.0,Woody Wetlands,90,46605.0,Pasture/Hay,81,348996.0
5,5,HARR,7,-75.68852996826172,43.80352020263672,gray,55,0.230069479263663,3.0006446529618223,0.6251701167538143,0.1845140032948929,0.0254996060454122,0.0042976864121481,33.57152066470883,12.31573669507915,1.5660769285867775,0.4853520521452618,0.5082730463433852,16.499677673519088,5.222548528042404,24.129790129646874,1.6308287371964758,54,494.69,132.82564578701,17636.389256415074,0.2152937764191936,644.3800048828125,-75.68852996826172,43.80352020263672,54,98.5014619883041,0.0,1.2061403508771928,0.2558479532163742,0.0,0.0,0.0,0.0365497076023391,0.0,0.0,0.0,0.0,0.0,0.0,0.0,0.0,0.0,54,117173.0,Deciduous Forest,41,84219.0,Woody Wetlands,90,57588.0,Pasture/Hay,81,349025.0
6,6,OLDF,7,-74.97785949707031,43.74156951904297,gray,73,5.648645860792426,1.822901743246496,0.4105970132147483,0.206587890110142,0.0727785354895645,0.0117477163585517,61.56433737149144,5.160399307744324,9.452900253292226,1.2690398963908724,1.0252031495341027,0.1283652909422241,0.0338105007392465,12.84025397989708,0.3524314907565529,72,534.406,96.45623203192169,9300.506645793856,-0.1598342602977455,510.81201171875,-74.97785949707031,43.74156951904297,72,96.9137992195814,0.2837885775097552,0.0709471443774388,0.2837885775097552,0.6385242993969493,0.1418942887548776,0.1418942887548776,0.3192621496984746,1.2061014544164597,0.0,0.0,0.0,0.0,0.0,0.0,0.0,0.0,72,214862.0,Deciduous Forest,41,44813.0,Woody Wetlands,90,32991.0,Mixed Forest,43,349004.0
7,7,OPPE,7,-74.66543579101562,43.062599182128906,gray,76,1.4698382318390455,3.4078471597453426,1.3764333071646733,0.6968121987977698,0.1103094969313903,0.1014274335421095,28.68963778372462,20.37975118761783,9.904933269917311,0.558710439003146,0.3658837080035987,16.218934267000556,6.119741675214459,10.005501148937878,0.5942386925602691,75,359.999,145.56930711269263,21182.914164349066,0.1977145839091971,370.49798583984375,-74.66543579101562,43.062599182128906,75,86.9767441860465,2.862254025044723,1.5026833631484795,2.146690518783542,2.4329159212880143,1.2880143112701252,0.6082289803220036,0.8228980322003578,1.359570661896243,0.0,0.0,0.0,0.0,0.0,0.0,0.0,0.0,75,100132.0,Deciduous Forest,41,71129.0,Evergreen Forest,42,56607.0,Pasture/Hay,81,349018.0
8,8,OSCE,7,-75.71174621582031,43.499149322509766,gray,77,0.8990837253812081,2.749969915936531,0.1386732068465598,0.0421176888562898,0.0025786340116095,0.0040112084625037,69.82797645993662,7.99347892109953,2.162327876179725,0.7174332850078218,0.7512420420489252,2.537089352533651,0.0833758330420432,11.480651649466225,0.6099902011907559,76,333.177,142.30036220546862,20242.225157052235,0.0590391987799127,304.35400390625,-75.71174621582031,43.499149322509766,76,98.15929203539822,0.0707964601769911,0.7433628318584071,0.5663716814159292,0.247787610619469,0.2123893805309734,0.0,0.0,0.0,0.0,0.0,0.0,0.0,0.0,0.0,0.0,0.0,76,243715.0,Deciduous Forest,41,40070.0,Woody Wetlands,90,27899.0,Evergreen Forest,42,349022.0
9,9,REDF,7,-75.87769317626953,43.6221809387207,gray,88,2.147318358927344,2.2604859041943617,0.1229085491634196,0.031515012606005,0.0005730002292,0.0074490029796011,68.99295209718083,5.780139812055925,2.192585377034151,0.3334861333944534,0.2420925968370387,1.5585606234242493,0.1484070593628237,15.55867522347009,0.6228512491404997,87,380.39,158.2967540873031,25048.96712477328,0.1168815391767201,447.780029296875,-75.87769317626953,43.6221809387207,87,100.0,0.0,0.0,0.0,0.0,0.0,0.0,0.0,0.0,0.0,0.0,0.0,0.0,0.0,0.0,0.0,0.0,87,240813.0,Deciduous Forest,41,54306.0,Woody Wetlands,90,20175.0,Evergreen Forest,42,349040.0
10,10,SARA,7,-73.67115020751953,44.70758438110352,gray,92,0.7111503329398416,2.6213998372548795,2.1944804190113807,0.6925263314728434,0.1426885035471559,0.5398095194434576,39.52958637525357,21.93277021993513,13.080925584220598,2.384158710875271,2.756065694016252,6.453932816063632,0.7698875683357592,5.6737304161461495,0.516887671484075,91,313.731,193.4199039475542,37397.98813302677,0.3553121694411647,346.46197509765625,-73.67115020751953,44.70758438110352,91,84.45408532176428,0.8315256688358641,1.8076644974692693,3.506869125090383,3.362255965292841,0.6146059291395517,1.0122921185827911,1.9161243673174253,2.4945770065075923,0.0,0.0,0.0,0.0,0.0,0.0,0.0,0.0,91,137963.0,Deciduous Forest,41,76548.0,Evergreen Forest,42,45654.0,Mixed Forest,43,349012.0
11,11,TUPP,7,-74.43826293945312,44.22127914428711,gray,110,11.67086409778152,2.4393807857934866,0.9523727662646874,0.6082693690673681,0.1065832337696942,0.0739206298725299,44.95147884236855,18.38904599410354,5.745753145208195,1.0202766006824766,0.9784455465685642,0.1065832337696942,0.0040111969698272,12.205785865114906,0.7472286926649533,109,502.829,97.64777712916823,9531.7107344922,2.795023632417389,487.6580200195313,-74.43826293945312,44.22127914428711,109,83.23636363636365,2.4363636363636365,1.6,1.2,1.709090909090909,1.927272727272727,1.927272727272727,2.872727272727273,2.981818181818181,0.0727272727272727,0.0,0.0,0.0363636363636363,0.0,0.0,0.0,0.0,109,156891.0,Deciduous Forest,41,64182.0,Evergreen Forest,42,42601.0,Woody Wetlands,90,349023.0
12,12,WARS,7,-78.20889282226562,42.779930114746094,gray,116,0.4326560785313761,4.855776531702802,1.2890858922600406,0.4618818533725684,0.1415444389367548,0.0303718836584939,36.75656935247717,2.1667187191087858,8.266309844788214,0.8905265510433888,0.1893944820590991,8.364302148667505,30.85869337864284,4.808786070193435,0.4873827745575304,115,540.715,104.09389592649228,10831.71035672814,0.3107426525645583,714.4300537109375,-78.20889282226562,42.779930114746094,115,95.72250179726817,0.0718907260963335,0.5391804457225018,1.7253774263120056,0.2516175413371675,0.0,0.2875629043853343,1.150251617541337,0.2516175413371675,0.0,0.0,0.0,0.0,0.0,0.0,0.0,0.0,115,128283.0,Deciduous Forest,41,107699.0,Cultivated Crops,82,29192.0,Pasture/Hay,81,349007.0
13,13,WGAT,7,-75.15859985351562,43.53240966796875,gray,123,1.965452727423796,2.3210105750525027,0.2443922997802475,0.1083004564090662,0.0037246188712112,0.0349541155605981,51.82176839173822,17.38308278108696,6.901432259210552,1.124834899105805,0.5369181357423023,0.3432379544393159,0.143827590257543,16.733566551776498,0.3334966435453788,122,442.966,110.33107568933438,12168.63420245293,0.3319191561823773,443.9320068359375,-75.15859985351562,43.53240966796875,122,95.34801136363636,0.1065340909090909,0.8522727272727272,0.8522727272727272,0.9588068181818182,0.7102272727272727,0.390625,0.4971590909090909,0.2840909090909091,0.0,0.0,0.0,0.0,0.0,0.0,0.0,0.0,122,180873.0,Deciduous Forest,41,60672.0,Evergreen Forest,42,58405.0,Woody Wetlands,90,349029.0
