stnm,stid,name,city,rang,cdir,cnty,nlat,elon,elev,cdiv,clas,WCR05,WCS05,A05,N05,BULK5,GRAV5,SAND5,SILT5,CLAY5,TEXT5,WCR10,WCS10,A10,N10,WCR25,WCS25,A25,N25,BULK25,GRAV25,SAND25,SILT25,CLAY25,TEXT25,WCR60,WCS60,A60,N60,BULK60,GRAV60,SAND60,SILT60,CLAY60,TEXT60,WCR75,WCS75,A75,N75,BULK75,GRAV75,SAND75,SILT75,CLAY75,TEXT75,datc,datd
110,ACME,Acme,Rush Springs,4,WNW,Grady,34.808330,-98.023250,397,Central,STANDARD,0.034,0.41,0.273,1.39,1.27,0.1,73,19.7,7.2,Sandy Loam,0.037,0.41,0.253,1.38,0.05,0.411,0.206,1.36,1.33,0.1,60.3,23.9,15.7,Sandy Loam,0.068,0.361,0.192,1.34,1.6,0.1,52.5,25.9,21.5,Sandy Clay Loam,0.07,0.347,0.178,1.32,1.68,0,53.2,24.1,22.8,Sandy Clay Loam,19940101,20991231
1,ADAX,Ada,Ada,2,NNE,Pontotoc,34.798510,-96.669090,295,South Central,STANDARD,0.05,0.483,0.272,1.36,1.01,0,61.1,22,16.9,Sandy Loam,0.055,0.445,0.216,1.35,0.069,0.324,0.095,1.26,1.79,0,51.1,25.4,23.5,Sandy Clay Loam,0.08,0.317,0.06,1.21,1.85,0,47.6,24.6,27.8,Sandy Clay Loam,0.086,0.318,0.053,1.2,1.86,0,43.6,26.6,29.8,Clay Loam,19940101,20991231
2,ALTU,Altus,Altus,3,S,Jackson,34.587220,-99.338080,416,Southwest,STANDARD,0.089,0.384,0.078,1.29,1.57,0,23.8,40,36.2,Clay Loam,0.092,0.387,0.076,1.28,0.103,0.396,0.071,1.26,1.56,0,17.8,45.2,37,Silty Clay Loam,0.118,0.373,0.073,1.17,1.69,0,14.3,40.9,44.8,Silty Clay,0.118,0.346,0.059,1.16,1.73,0,15,40.9,44.1,Silty Clay,19940101,20991231
116,ALV2,Alva,Alva,7.2,SSW,Woods,36.708230,-98.709740,439,North Central,STANDARD,0.086,0.365,0.037,1.34,1.66,0,33.3,31.4,35.3,Clay Loam,0.089,0.372,0.044,1.31,0.1,0.396,0.076,1.25,1.58,0,21.2,29.7,49.1,Clay,0.115,0.382,0.13,1.2,1.64,0,19.8,29.8,50.5,Clay,-999,-999,-999,-999,-999,-999,-999,-999,-999,-999,19981217,20991231
3,ALVA,Alva,Alva,2,S,Woods,36.779700,-98.671700,450,North Central,STANDARD,-999,-999,-999,-999,-999,-999,-999,-999,-999,-999,-999,-999,-999,-999,-999,-999,-999,-999,-999,-999,-999,-999,-999,-999,-999,-999,-999,-999,-999,-999,-999,-999,-999,-999,-999,-999,-999,-999,-999,-999,-999,-999,-999,-999,19940101,19981216
135,ANT2,Antlers,Antlers,3,WNW,Pushmataha,34.249670,-95.668440,172,Southeast,STANDARD,0.042,0.361,0.057,1.5,1.49,0.1,55.6,34.9,9.4,Sandy Loam,0.039,0.349,0.083,1.43,0.052,0.322,0.254,1.43,1.7,0.1,57.5,31.1,11.3,Sandy Loam,0.066,0.342,0.133,1.3,1.69,0,47.7,26.8,25.5,Sandy Clay Loam,0.071,0.347,0.051,1.33,1.71,0,46.5,27.4,26.1,Sandy Clay Loam,20110415,20991231
4,ANTL,Antlers,Antlers,5,W,Pushmataha,34.224380,-95.700590,179,Southeast,STANDARD,0.011,0.419,0.428,1.72,1.19,0,77.5,14.8,7.7,Sandy Loam,0.011,0.416,0.426,1.73,0.008,0.404,0.418,1.69,1.26,0,78,16.3,5.7,Loamy Sand,0.013,0.276,0.199,1.38,1.92,0,76.8,16.3,6.9,Sandy Loam,0.019,0.275,0.242,1.4,1.95,0,80,8.8,11.3,Sandy Loam,19940101,20110414
111,APAC,Apache,Apache,4,ENE,Caddo,34.914180,-98.292160,440,Southwest,STANDARD,0.033,0.387,0.291,1.42,1.41,0,76.9,11.3,11.9,Sandy Loam,0.036,0.385,0.271,1.41,0.048,0.38,0.218,1.38,1.48,0,59.4,19.4,21.3,Sandy Clay Loam,0.084,0.377,0.087,1.29,1.59,0,31.6,33.9,34.5,Clay Loam,0.096,0.37,0.097,1.23,1.66,0.1,32.3,28.8,38.8,Clay Loam,19940101,20991231
126,ARD2,Ardmore,Ardmore,3.5,ENE,Carter,34.192580,-97.085680,266,South Central,STANDARD,0.073,0.429,0.202,1.36,1.29,0.1,33.6,34.1,32.2,Clay Loam,0.078,0.423,0.167,1.33,0.093,0.401,0.085,1.28,1.52,0,27,33.7,39.4,Clay Loam,0.126,0.394,0.097,1.16,1.63,0.1,11.2,33.8,54.9,Clay,0.121,0.38,0.079,1.16,1.67,0,11.3,35.7,53,Clay,20040223,20991231
5,ARDM,Ardmore,Ardmore,3,ENE,Carter,34.192200,-97.085000,266,South Central,ENHANCED,-999,-999,-999,-999,-999,-999,-999,-999,-999,-999,-999,-999,-999,-999,-999,-999,-999,-999,-999,-999,-999,-999,-999,-999,-999,-999,-999,-999,-999,-999,-999,-999,-999,-999,-999,-999,-999,-999,-999,-999,-999,-999,-999,-999,19940101,20040218
6,ARNE,Arnett,Arnett,8,WSW,Ellis,36.072040,-99.903080,719,Panhandle,STANDARD,0.053,0.366,0.109,1.36,1.53,0,45.5,31.1,23.4,Loam,0.054,0.376,0.124,1.36,0.06,0.406,0.172,1.36,1.35,0,36.9,35.7,27.4,Clay Loam,0.064,0.394,0.194,1.37,1.43,0,38.8,30.6,30.6,Clay Loam,0.064,0.386,0.189,1.36,1.48,0,43.3,26.8,30,Clay Loam,19940101,20991231
7,BBOW,Broken Bow,Broken Bow,7,E,McCurtain,34.014400,-94.613100,113,Southeast,STANDARD,-999,-999,-999,-999,-999,-999,-999,-999,-999,-999,-999,-999,-999,-999,-999,-999,-999,-999,-999,-999,-999,-999,-999,-999,-999,-999,-999,-999,-999,-999,-999,-999,-999,-999,-999,-999,-999,-999,-999,-999,-999,-999,-999,-999,19940101,20021119
8,BEAV,Beaver,Beaver,1,SSW,Beaver,36.802530,-100.530120,758,Panhandle,CONTINUITY,0.06,0.383,0.107,1.35,1.47,0,40.6,35.1,24.3,Loam,0.062,0.391,0.112,1.35,0.067,0.414,0.125,1.35,1.34,0,29,41,30.1,Clay Loam,0.082,0.395,0.246,1.47,1.41,0,32.2,37.1,30.7,Clay Loam,0.066,0.393,0.14,1.34,1.45,0,35.1,33.1,31.8,Clay Loam,19940101,20991231
119,BEEX,Bee,Tishomingo,3.8,SE,Johnston,34.191210,-96.643860,196,South Central,STANDARD,-999,-999,-999,-999,-999,-999,-999,-999,-999,-999,-999,-999,-999,-999,-999,-999,-999,-999,-999,-999,-999,-999,-999,-999,-999,-999,-999,-999,-999,-999,-999,-999,-999,-999,-999,-999,-999,-999,-999,-999,-999,-999,-999,-999,20010401,20050713
9,BESS,Bessie,Bessie,4,WNW,Washita,35.401850,-99.058470,511,West Central,STANDARD,0.066,0.409,0.092,1.37,1.36,0,26,50.5,23.6,Silt Loam,0.063,0.411,0.116,1.36,0.055,0.418,0.206,1.38,1.24,0,32.1,50.3,17.6,Silt Loam,-999,-999,-999,-999,-999,-999,-999,-999,-999,-999,-999,-999,-999,-999,-999,-999,-999,-999,-999,-999,19940101,20991231
10,BIXB,Bixby,Bixby,2,NE,Tulsa,35.963050,-95.866210,184,Northeast,STANDARD,0.047,0.452,0.056,1.54,1.02,0,43.6,49.5,6.9,Sandy Loam,0.045,0.43,0.066,1.5,0.041,0.359,0.122,1.39,1.48,0.1,36.7,53.2,10,Silt Loam,0.051,0.364,0.07,1.44,1.51,0,28.6,57.6,13.8,Silt Loam,0.059,0.373,0.042,1.51,1.51,0,36.7,47,16.3,Loam,19940101,20991231
11,BLAC,Blackwell,Blackwell,4,SSE,Kay,36.754430,-97.254520,304,North Central,STANDARD,0.078,0.406,0.101,1.33,1.43,0,27.8,49.2,23,Loam,0.082,0.412,0.088,1.33,0.093,0.428,0.057,1.35,1.39,0,17.5,44.8,37.8,Silty Clay Loam,0.101,0.379,0.07,1.24,1.63,0,20,40.3,39.7,Clay Loam,-999,-999,-999,-999,-999,-999,-999,-999,-999,-999,19940101,20991231
12,BOIS,Boise City,Boise City,3,SSE,Cimarron,36.692560,-102.497130,1267,Panhandle,STANDARD,0.091,0.464,0.234,1.36,1.23,0,35,23.8,41.2,Clay,0.098,0.457,0.209,1.33,0.119,0.435,0.139,1.23,1.46,0,19.7,30.2,50.1,Clay,0.136,0.402,0.119,1.17,1.59,0,9.9,42.8,47.3,Silty Clay,-999,-999,-999,-999,-999,-999,-999,-999,-999,-999,19940101,20991231
13,BOWL,Bowlegs,Bowlegs,3,NE,Seminole,35.171560,-96.631210,281,Central,STANDARD,0.038,0.414,0.161,1.37,1.23,0,58,28.8,13.2,Sandy Loam,0.044,0.399,0.138,1.37,0.064,0.349,0.095,1.31,1.67,0,47.2,26.4,26.4,Sandy Clay Loam,0.093,0.367,0.077,1.24,1.67,0,31.4,31.5,37.1,Clay Loam,0.091,0.361,0.09,1.25,1.67,0,26.8,35.3,37.9,Clay Loam,19940101,20181030
14,BREC,Breckinridge,Breckinridge,3,SE,Garfield,36.412010,-97.693940,352,North Central,STANDARD,0.079,0.416,0.072,1.37,1.4,0,18.8,57.1,24.1,Silt Loam,0.09,0.424,0.081,1.32,0.126,0.446,0.127,1.23,1.41,0,8.1,48.5,43.4,Silty Clay,0.142,0.427,0.082,1.14,1.56,0,11.7,43.5,44.8,Silty Clay,0.143,0.402,0.105,1.15,1.62,0.1,14.4,42.1,43.4,Silty Clay,19940101,20991231
15,BRIS,Bristow,Bristow,4,SE,Creek,35.780500,-96.354040,239,Central,STANDARD,0.036,0.422,0.238,1.38,1.27,0,64.3,11.9,23.9,Sandy Clay Loam,0.039,0.404,0.188,1.37,0.049,0.358,0.088,1.39,1.54,0,46.4,34.7,18.9,Loam,0.055,0.365,0.075,1.39,1.53,0,41.2,36.7,22.1,Loam,0.057,0.36,0.065,1.4,1.57,0,41.9,36,22.1,Loam,19940101,20991231
124,BROK,Broken Bow,Broken Bow,6.5,E,McCurtain,34.043300,-94.624400,113,Southeast,STANDARD,0.038,0.36,0.106,1.41,1.45,0,45.4,40.8,13.8,Loam,0.044,0.361,0.104,1.4,0.064,0.364,0.102,1.34,1.56,0,31.8,41,27.2,Clay Loam,0.084,0.351,0.08,1.26,1.7,0,31.1,34.1,34.8,Clay Loam,0.081,0.35,0.064,1.28,1.7,0.1,32.1,34.2,33.6,Clay Loam,20030404,20991231
16,BUFF,Buffalo,Buffalo,0.5,SW,Harper,36.831290,-99.641010,559,Panhandle,STANDARD,0.049,0.374,0.097,1.4,1.44,0,31.8,48,20.2,Loam,0.05,0.372,0.094,1.4,0.052,0.365,0.086,1.41,1.48,0,24.8,53.1,22.1,Silt Loam,0.073,0.405,0.142,1.34,1.38,0,22.1,45.3,32.6,Clay Loam,0.08,0.39,0.091,1.32,1.5,0,22.4,44.5,33.1,Clay Loam,19940101,20991231
17,BURB,Burbank,Burbank,7,SW,Osage,36.634590,-96.810460,301,Northeast,STANDARD,0.071,0.415,0.044,1.5,1.34,0,20.1,53.9,26,Silt Loam,0.072,0.413,0.047,1.48,0.074,0.405,0.055,1.42,1.4,0,17,51.4,31.7,Silty Clay Loam,0.101,0.403,0.071,1.28,1.52,0,12.2,44.2,43.6,Silty Clay,0.103,0.4,0.117,1.26,1.52,0,12.8,42.3,44.9,Silty Clay,19940101,20991231
18,BURN,Burneyville,Burneyville,2,SE,Love,33.893760,-97.269180,228,South Central,STANDARD,0.023,0.328,0.226,1.41,1.63,0,67.4,23.2,9.4,Sandy Loam,0.027,0.332,0.205,1.4,0.034,0.342,0.149,1.39,1.57,0,64.2,24.5,11.3,Sandy Loam,0.033,0.324,0.317,1.53,1.67,0,68.7,21.3,10,Sandy Loam,0.027,0.337,0.264,1.43,1.61,0,75.6,16.3,8.1,Sandy Loam,19940101,20991231
19,BUTL,Butler,Butler,5,SW,Custer,35.591500,-99.270590,520,West Central,STANDARD,0.084,0.453,0.267,1.54,1.09,0.1,15.6,52,32.3,Silty Clay Loam,0.074,0.443,0.222,1.41,0.069,0.407,0.075,1.4,1.35,0,7.8,57.2,35,Silty Clay Loam,0.116,0.391,0.088,1.21,1.6,0.1,3.3,46.7,49.9,Silty Clay,0.083,0.34,0.097,1.27,1.71,0,14.2,51.5,34.3,Silty Clay Loam,19940101,20991231
20,BYAR,Byars,Byars,3,ESE,Garvin,34.849700,-97.003300,345,South Central,STANDARD,0.035,0.352,0.152,1.38,1.55,0,68.6,17.6,13.8,Sandy Loam,0.04,0.355,0.151,1.37,0.063,0.363,0.143,1.31,1.62,0,53.6,17.8,28.6,Sandy Clay Loam,0.07,0.331,0.155,1.27,1.8,0,57.4,10.2,32.4,Sandy Clay Loam,0.074,0.321,0.141,1.24,1.85,0.1,57.8,8.9,33.2,Sandy Clay Loam,19940101,20991231
21,CALV,Calvin,Calvin,5,WNW,Hughes,34.992400,-96.334220,234,East Central,STANDARD,-999,-999,-999,-999,-999,-999,-999,-999,-999,-999,-999,-999,-999,-999,-999,-999,-999,-999,-999,-999,-999,-999,-999,-999,-999,-999,-999,-999,-999,-999,-999,-999,-999,-999,-999,-999,-999,-999,-999,-999,-999,-999,-999,-999,19940101,20090318
22,CAMA,Camargo,Camargo,4,WNW,Dewey,36.028660,-99.346520,589,West Central,STANDARD,0.046,0.368,0.164,1.38,1.46,0,41.7,39.3,19,Loam,0.046,0.368,0.188,1.38,0.046,0.369,0.272,1.47,1.46,0,48.7,30.4,20.9,Loam,0.043,0.396,0.268,1.44,1.34,0,49.5,26.5,24,Sandy Clay Loam,0.042,0.386,0.277,1.45,1.39,0,54.5,24,21.5,Sandy Clay Loam,19940101,20991231
131,CARL,Lake Carl Blackwell,Orlando,5,E,Payne,36.147300,-97.285850,293,Central,STANDARD,0.044,0.398,0.181,1.38,1.3,0,34.9,41.1,24,Loam,0.051,0.401,0.151,1.37,0.073,0.411,0.081,1.36,1.39,0,28.7,37.6,33.7,Clay Loam,0.096,0.39,0.085,1.27,1.56,0,21.9,42.3,35.9,Clay Loam,0.092,0.369,0.076,1.26,1.64,0,22,43.5,34.5,Clay Loam,20080301,20991231
112,CATO,Catoosa,Catoosa,4.7,NNW,Rogers,36.261900,-95.757200,232,Northeast,STANDARD,-999,-999,-999,-999,-999,-999,-999,-999,-999,-999,-999,-999,-999,-999,-999,-999,-999,-999,-999,-999,-999,-999,-999,-999,-999,-999,-999,-999,-999,-999,-999,-999,-999,-999,-999,-999,-999,-999,-999,-999,-999,-999,-999,-999,19960618,20010418
23,CENT,Centrahoma,Centrahoma,1,E,Coal,34.608960,-96.333090,208,South Central,STANDARD,0.049,0.368,0.083,1.4,1.5,0,50.9,35.9,13.2,Loam,0.048,0.364,0.1,1.38,0.045,0.353,0.17,1.38,1.53,0,44.8,37,18.2,Loam,0.087,0.356,0.033,1.33,1.7,0,31,34.2,34.8,Clay Loam,0.092,0.353,0.091,1.23,1.71,0,36.1,29.7,34.2,Clay Loam,19940101,20991231
24,CHAN,Chandler,Sparks,3,NNE,Lincoln,35.652820,-96.804070,291,Central,STANDARD,0.037,0.369,0.244,1.4,1.5,0,75.5,15.7,8.8,Sandy Loam,0.042,0.361,0.211,1.38,0.06,0.339,0.126,1.3,1.72,0,57.9,17.7,24.5,Sandy Clay Loam,-999,-999,-999,-999,-999,-999,-999,-999,-999,-999,-999,-999,-999,-999,-999,-999,-999,-999,-999,-999,19940101,20991231
25,CHER,Cherokee,Cherokee,0.5,SSW,Alfalfa,36.748130,-98.362740,362,North Central,STANDARD,0.041,0.361,0.131,1.39,1.46,0,40.6,43.6,15.8,Loam,0.042,0.359,0.118,1.39,0.045,0.352,0.089,1.41,1.52,0,34.9,45.5,19.6,Loam,0.044,0.389,0.197,1.39,1.33,0,36.1,40.5,23.4,Loam,0.043,0.383,0.21,1.4,1.36,0,37.9,39.9,22.2,Loam,19940101,20991231
26,CHEY,Cheyenne,Cheyenne,6,SW,Roger Mills,35.546150,-99.727900,694,West Central,STANDARD,0.055,0.371,0.122,1.36,1.5,0,40.3,35.8,23.9,Loam,0.055,0.382,0.138,1.36,0.056,0.416,0.19,1.37,1.31,0,41,30.8,28.3,Clay Loam,0.083,0.41,0.125,1.31,1.42,0,24.8,37.9,37.3,Clay Loam,0.074,0.408,0.172,1.35,1.38,0,26,38.6,35.4,Clay Loam,19940101,20991231
27,CHIC,Chickasha,Chickasha,2,SSE,Grady,35.032360,-97.914460,328,Central,STANDARD,0.082,0.463,0.056,1.44,1.16,0,10.8,53.9,35.3,Silty Clay Loam,0.084,0.453,0.069,1.39,0.098,0.415,0.134,1.3,1.43,0,8.9,56.5,34.6,Silty Clay Loam,0.12,0.415,0.139,1.25,1.49,0,5.8,51.6,42.6,Silty Clay,0.148,0.372,0.123,1.16,1.69,0,3.9,46.1,50,Silty Clay,19940101,20991231
28,CLAR,Claremore,Claremore,1,WNW,Rogers,36.317200,-95.641700,213,Northeast,STANDARD,0.071,0.438,0.057,1.43,1.26,0,36.8,37.8,25.4,Loam,0.084,0.426,0.061,1.37,0.111,0.433,0.037,1.36,1.46,0,12.5,50.1,37.4,Silty Clay Loam,0.09,0.363,0.023,1.37,1.73,0.1,15,61.8,23.1,Silt Loam,-999,-999,-999,-999,-999,-999,-999,-999,-999,-999,19940101,20020707
29,CLAY,Clayton,Clayton,3,NNE,Pushmataha,34.656570,-95.325960,186,Southeast,STANDARD,0.048,0.418,0.165,1.37,1.23,0,37.2,40.6,22.2,Loam,0.049,0.422,0.16,1.37,0.053,0.436,0.143,1.37,1.16,0,26.6,44.6,28.9,Clay Loam,-999,-999,-999,-999,-999,-999,-999,-999,-999,-999,-999,-999,-999,-999,-999,-999,-999,-999,-999,-999,19940101,20991231
30,CLOU,Cloudy,Cloudy,5,SSE,Pushmataha,34.223210,-95.248700,221,Southeast,STANDARD,0.05,0.367,0.03,1.7,1.5,0,36.6,54,9.4,Silt Loam,0.05,0.365,0.037,1.61,0.05,0.36,0.075,1.42,1.51,0.1,31.5,50.2,18.2,Silt Loam,0.099,0.373,0.184,1.32,1.57,0,19.4,42.8,37.8,Silty Clay Loam,-999,-999,-999,-999,-999,-999,-999,-999,-999,-999,19940101,20991231
122,CLRM,Claremore,Claremore,1.8,WNW,Rogers,36.321120,-95.646170,207,Northeast,STANDARD,-999,-999,-999,-999,-999,-999,-999,-999,-999,-999,-999,-999,-999,-999,-999,-999,-999,-999,-999,-999,-999,-999,-999,-999,-999,-999,-999,-999,-999,-999,-999,-999,-999,-999,-999,-999,-999,-999,-999,-999,-999,-999,-999,-999,20020711,20140501
31,COOK,Cookson,Marble City,7,NNW,Cherokee,35.680010,-94.848960,299,East Central,STANDARD,0.05,0.455,0.065,1.49,1.03,0.1,36.2,46.1,17.6,Loam,0.05,0.438,0.065,1.49,0.05,0.39,0.066,1.48,1.35,0,21,60.8,18.2,Silt Loam,-999,-999,-999,-999,-999,-999,-999,-999,-999,-999,-999,-999,-999,-999,-999,-999,-999,-999,-999,-999,19940101,20991231
32,COPA,Copan,Copan,2,ENE,Washington,36.909870,-95.885530,250,Northeast,STANDARD,0.054,0.382,0.086,1.39,1.45,0,44.6,33.4,22,Loam,0.056,0.401,0.14,1.36,0.097,0.454,0.3,1.82,1.12,0,28.9,35.6,35.6,Clay Loam,0.071,0.408,0.104,1.32,1.47,0,49.4,17.1,33.5,Sandy Clay Loam,0.077,0.383,0.168,1.29,1.59,0,54.7,13.8,31.5,Sandy Clay Loam,19940101,20991231
33,DURA,Durant,Durant,6,SSE,Bryan,33.920750,-96.320270,197,South Central,STANDARD,0.065,0.395,0.077,1.37,1.45,0.1,41.9,30.9,27.1,Clay Loam,0.062,0.389,0.093,1.36,0.058,0.373,0.168,1.35,1.51,0,44.3,29.1,26.6,Loam,0.144,0.461,0.09,1.12,1.49,0,17.8,19.3,63,Clay,0.139,0.398,0.089,1.12,1.6,0,19.9,21.8,58.3,Clay,19940101,20991231
139,ELKC,Elk City,Elk City,5,S,Beckham,35.333530,-99.393980,584,West Central,STANDARD,0.053,0.385,0.123,1.36,1.44,0,48.7,35.5,15.8,Loam,0.053,0.379,0.168,1.36,0.063,0.409,0.181,1.36,1.35,0,38.5,34.7,26.8,Loam,0.07,0.385,0.197,1.36,1.49,0.1,43.5,29,27.4,Clay Loam,-999,-999,-999,-999,-999,-999,-999,-999,-999,-999,20150610,20991231
34,ELRE,El Reno,El Reno,5,WNW,Canadian,35.548480,-98.036540,419,Central,STANDARD,0.091,0.437,0.012,2.06,1.32,0,16.3,60.9,22.8,Silt Loam,0.085,0.426,0.016,1.88,0.07,0.396,0.053,1.45,1.43,0,11.6,59.8,28.6,Silty Clay Loam,0.118,0.384,0.107,1.21,1.62,0,9.2,47.7,43.2,Silty Clay,0.182,0.433,0.111,2.14,-999,0,5.3,44.1,50.6,Silty Clay,19940101,20991231
35,ERIC,Erick,Erick,4,ESE,Beckham,35.204940,-99.803440,603,West Central,STANDARD,0.038,0.376,0.281,1.45,1.43,0.1,63.5,22.6,13.8,Sandy Loam,0.038,0.374,0.254,1.42,0.04,0.369,0.19,1.38,1.46,0,57.4,26.3,16.3,Sandy Loam,0.059,0.383,0.119,1.35,1.47,0,42.2,33.9,23.9,Loam,0.069,0.378,0.074,1.35,1.53,0,37.6,35.3,27.1,Clay Loam,19940101,20991231
36,EUFA,Eufaula,Eufaula,4,WNW,McIntosh,35.303240,-95.657070,200,East Central,STANDARD,0.066,0.368,0.02,1.71,1.62,0,36,53.2,10.8,Silt Loam,0.077,0.374,0.023,1.54,0.113,0.391,0.052,1.21,1.63,0,19.8,40,40.2,Silty Clay,0.098,0.333,0.063,1.29,1.78,0,19.3,52.5,28.2,Silty Clay Loam,0.102,0.331,0.058,1.29,1.8,0,14.1,56.4,29.5,Silty Clay Loam,19940101,20991231
141,EVAX,Eva,Eva,12,NE,Texas,36.921853,-101.781580,1065,Panhandle,STANDARD,0.078,0.435,0.137,1.33,1.29,0,23.4,52,24.6,Silt Loam,0.069,0.466,0.214,1.37,0.082,0.408,0.123,1.32,1.43,0,24,51.4,24.6,Silt Loam,0.136,0.391,0.171,1.23,1.59,0,21,38.2,40.8,Clay,0.109,0.365,0.063,1.19,1.71,0,22.4,41.1,36.5,Clay Loam,20160517,20991231
37,FAIR,Fairview,Fairview,1,W,Major,36.263530,-98.497660,405,North Central,STANDARD,0.053,0.394,0.103,1.4,1.34,0,18.6,51.7,29.8,Silty Clay Loam,0.057,0.394,0.093,1.4,0.067,0.394,0.069,1.4,1.42,0,17.8,47.8,34.4,Silty Clay Loam,0.087,0.4,0.103,1.3,1.47,0,13,43.5,43.5,Silty Clay,0.104,0.357,0.09,1.21,1.71,0,8,41.8,50.2,Silty Clay,19940101,20991231
127,FITT,Fittstown,Fittstown,6.3,SW,Pontotoc,34.552050,-96.717790,350,South Central,STANDARD,0.046,0.409,0.198,1.36,1.33,0,59,22.7,18.3,Sandy Loam,0.05,0.412,0.214,1.37,0.064,0.419,0.268,1.43,1.36,0,56.8,16.5,26.7,Sandy Clay Loam,0.107,0.349,0.063,1.15,1.73,0,48.1,1.9,50,Sandy Clay,0.093,0.365,0.051,1.19,1.76,0,57.1,0.6,42.3,Sandy Clay,20050512,20991231
38,FORA,Foraker,Foraker,8,ESE,Osage,36.840530,-96.427770,330,Northeast,STANDARD,0.054,0.446,0.09,1.4,1.15,0,46.2,34.2,19.6,Loam,0.055,0.437,0.092,1.39,0.061,0.412,0.105,1.36,1.36,0,45.3,28.6,26.1,Loam,0.065,0.363,0.062,1.35,1.64,0,58.9,17.1,24,Sandy Clay Loam,-999,-999,-999,-999,-999,-999,-999,-999,-999,-999,19940101,20991231
39,FREE,Freedom,Freedom,3,SSW,Woodward,36.725620,-99.142340,530,North Central,STANDARD,0.061,0.434,0.117,1.37,1.2,0.1,17.3,59.9,22.7,Silt Loam,0.059,0.438,0.131,1.37,0.052,0.449,0.179,1.37,1.06,0,15.5,59.9,24.6,Silt Loam,0.085,0.418,0.213,1.4,1.31,0,17.8,50.6,31.6,Silty Clay Loam,0.086,0.396,0.158,1.33,1.44,0,10.5,53.6,35.9,Silty Clay Loam,19940101,20991231
40,FTCB,Fort Cobb,Fort Cobb,4,NNW,Caddo,35.148870,-98.466070,422,Southwest,STANDARD,0.038,0.409,0.386,1.59,1.32,0,78.1,8.8,13.1,Sandy Loam,0.04,0.41,0.364,1.54,0.049,0.411,0.296,1.43,1.4,0,73,5,22,Sandy Clay Loam,0.043,0.336,0.244,1.39,1.73,0,77.4,3.8,18.9,Sandy Loam,0.036,0.285,0.226,1.36,1.93,0,79.3,6.9,13.8,Sandy Loam,19940101,20991231
41,GOOD,Goodwell,Goodwell,2,E,Texas,36.601830,-101.601300,997,Panhandle,STANDARD,0.07,0.414,0.131,1.33,1.37,0,36.6,34.6,28.8,Clay Loam,0.075,0.41,0.126,1.32,0.088,0.397,0.103,1.29,1.51,0,28.2,34,37.8,Clay Loam,0.078,0.441,0.316,1.73,1.19,0,34.8,29.4,35.8,Clay Loam,-999,-999,-999,-999,-999,-999,-999,-999,-999,-999,19940101,20991231
117,GRA2,Grandfield,Grandfield,3.3,W,Tillman,34.239444,-98.743583,341,Southwest,STANDARD,0.104,0.456,0.159,1.3,1.28,0,15.7,55.3,29,Silty Clay Loam,0.108,0.437,0.051,1.39,0.123,0.367,0.068,1.25,1.71,0,13.6,43.2,43.2,Silty Clay,0.12,0.34,0.071,1.23,1.8,0,16.9,41.9,41.2,Silty Clay,0.119,0.33,0.071,1.22,1.83,0,17.5,42.2,40.3,Silty Clay,19990401,20991231
42,GRAN,Grandfield,Grandfield,3,WNW,Tillman,34.239200,-98.739700,342,Southwest,STANDARD,-999,-999,-999,-999,-999,-999,-999,-999,-999,-999,-999,-999,-999,-999,-999,-999,-999,-999,-999,-999,-999,-999,-999,-999,-999,-999,-999,-999,-999,-999,-999,-999,-999,-999,-999,-999,-999,-999,-999,-999,-999,-999,-999,-999,19940101,19990316
43,GUTH,Guthrie,Guthrie,4,WSW,Logan,35.848910,-97.479780,330,Central,STANDARD,0.059,0.347,0.089,1.34,1.65,0,47,28.4,24.6,Loam,0.065,0.349,0.08,1.33,0.086,0.358,0.059,1.29,1.67,0,19.7,44.6,35.7,Silty Clay Loam,-999,-999,-999,-999,-999,-999,-999,-999,-999,-999,-999,-999,-999,-999,-999,-999,-999,-999,-999,-999,19940101,20991231
44,HASK,Haskell,Haskell,5,SSE,Muskogee,35.747980,-95.640470,183,East Central,STANDARD,0.079,0.394,0.011,2.06,1.56,0,10.1,74.2,15.7,Silt Loam,0.073,0.394,0.015,1.94,0.058,0.394,0.036,1.63,1.41,0,10.5,73.8,15.8,Silt Loam,0.082,0.407,0.067,1.37,1.44,0,6.6,61.8,31.6,Silty Clay Loam,0.132,0.394,0.038,1.18,1.61,0,3.5,50.2,46.3,Silty Clay,19940101,20991231
113,HECT,Hectorville,Hectorville,4.1,W,Okmulgee,35.841620,-96.002400,243,East Central,STANDARD,0.046,0.362,0.066,1.45,1.51,0,52.5,33.6,13.9,Sandy Loam,0.042,0.375,0.103,1.4,0.041,0.426,0.317,1.44,1.22,0,67,20.2,12.8,Sandy Loam,0.05,0.375,0.29,1.47,1.52,0,63.3,13.9,22.8,Sandy Clay Loam,0.139,0.479,0.056,1.18,1.42,0,7.1,29.7,63.2,Clay,19960618,20991231
45,HINT,Hinton,Hinton,7,W,Caddo,35.484390,-98.481510,493,Southwest,STANDARD,0.036,0.406,0.366,1.56,1.29,0.1,73,16.9,10,Sandy Loam,0.039,0.404,0.369,1.58,0.042,0.4,0.374,1.63,1.35,0.1,75.5,12.5,11.9,Sandy Loam,0.038,0.364,0.317,1.5,1.51,0.1,73,15,11.9,Sandy Loam,0.036,0.331,0.242,1.4,1.67,0,75,15.6,9.4,Sandy Loam,19940101,20991231
46,HOBA,Hobart,Hobart,4,SE,Kiowa,34.989710,-99.052830,473,Southwest,CONTINUITY,0.075,0.429,0.079,1.38,1.31,0.1,11,63.5,25.4,Silt Loam,0.088,0.436,0.082,1.34,0.13,0.449,0.097,1.21,1.46,0,5.4,60.3,34.3,Silty Clay Loam,0.131,0.387,0.099,1.17,1.65,0,8.4,48.4,43.2,Silty Clay,0.144,0.384,0.155,1.2,1.63,0,8.5,48.3,43.2,Silty Clay,19940101,20991231
134,HOLD,Holdenville,Holdenville,3,ESE,Hughes,35.070730,-96.355950,280,East Central,STANDARD,0.078,0.394,0.032,1.51,1.5,0,26.1,49.6,24.3,Loam,0.078,0.391,0.034,1.5,0.077,0.385,0.038,1.46,1.53,0,24.9,50.2,24.9,Silt Loam,0.115,0.397,0.039,1.23,1.62,0,19.7,40,40.3,Silty Clay,0.12,0.409,0.035,1.24,1.59,0,17.2,39.8,43,Clay,20090529,20991231
47,HOLL,Hollis,Gould,3,W,Harmon,34.685500,-99.833310,497,Southwest,STANDARD,0.107,0.417,0.098,1.24,1.5,0,20.7,35.2,44.1,Clay,0.111,0.407,0.1,1.22,0.121,0.371,0.102,1.16,1.7,0,18.1,30.1,51.8,Clay,0.123,0.396,0.107,1.18,1.62,0,15.5,30.7,53.8,Clay,0.135,0.384,0.134,1.17,1.66,0.1,12.1,31.8,56,Clay,19940101,20991231
48,HOOK,Hooker,Hooker,1,W,Texas,36.855180,-101.225470,912,Panhandle,STANDARD,0.059,0.376,0.124,1.35,1.48,0,36.4,38.8,24.8,Loam,0.067,0.372,0.119,1.33,0.091,0.355,0.099,1.23,1.7,0,35.1,29.5,35.4,Clay Loam,0.115,0.415,0.113,1.24,1.5,0,11,47.1,41.9,Silty Clay,0.146,0.463,0.137,1.19,1.41,0,7.5,48.2,44.3,Silty Clay,19940101,20991231
49,HUGO,Hugo,Hugo,2,NW,Choctaw,34.030840,-95.540110,175,Southeast,STANDARD,0.054,0.406,0.067,1.45,1.31,0,34.9,47,18.2,Loam,0.065,0.404,0.053,1.46,0.102,0.394,0.022,1.43,1.59,0,26.6,37.7,35.7,Clay Loam,0.134,0.422,0.091,1.24,1.59,0,14.4,29.6,56,Clay,0.138,0.452,0.106,1.15,1.48,0,15.5,27.1,57.4,Clay,19940101,20991231
50,IDAB,Idabel,Idabel,5,SW,McCurtain,33.830130,-94.880300,110,Southeast,STANDARD,0.082,0.401,0.064,1.37,1.47,0.1,1.5,67.5,30.9,Silty Clay Loam,0.094,0.424,0.077,1.33,0.125,0.514,0.171,1.25,1.17,0,5,32.1,62.9,Clay,0.142,0.48,0.1,1.15,1.41,0,4.6,27.7,67.7,Clay,0.157,0.464,0.202,1.18,1.42,0,4.9,27.6,67.5,Clay,19940101,20991231
120,INOL,Inola,Inola,3.1,ESE,Rogers,36.142460,-95.450670,190,Northeast,STANDARD,0.072,0.406,0.043,1.47,1.42,0,33.4,48.2,18.4,Loam,0.076,0.423,0.058,1.41,0.092,0.486,0.138,1.3,1.14,0,20.7,37.5,41.9,Clay,0.139,0.451,0.034,1.2,1.45,0,5.6,21.7,72.8,Clay,0.128,0.43,0.111,1.18,1.52,0,18,28.6,53.4,Clay,20011201,20991231
51,JAYX,Jay,Jay,4,N,Delaware,36.482100,-94.782870,304,Northeast,STANDARD,0.071,0.383,0.017,1.86,1.56,0,7.4,74.5,18.1,Silt Loam,0.072,0.369,0.017,1.76,0.072,0.32,0.018,1.45,1.88,0,6.7,70.8,22.5,Silt Loam,0.134,0.466,0.05,1.23,1.42,0,4,44.3,51.8,Silty Clay,0.131,0.435,0.071,1.28,1.52,0.1,7.2,42.3,50.4,Silty Clay,19940101,20991231
52,KENT,Kenton,Kenton,5,SE,Cimarron,36.829370,-102.878200,1322,Panhandle,STANDARD,0.099,0.422,0.171,1.3,1.42,0.1,14.8,36.2,48.9,Clay,0.097,0.419,0.17,1.31,0.09,0.411,0.162,1.32,1.42,0,15.9,39.9,44.3,Clay,0.213,0.371,0.243,1.6,1.6,0,1.6,68.6,29.8,Silty Clay Loam,-999,-999,-999,-999,-999,-999,-999,-999,-999,-999,19940101,20991231
53,KETC,Ketchum Ranch,Velma,7,NW,Stephens,34.528870,-97.764840,341,South Central,STANDARD,0.063,0.392,0.064,1.4,1.45,0,44.2,33.3,22.6,Loam,0.068,0.397,0.063,1.39,0.085,0.413,0.061,1.34,1.46,0,34.9,29.1,36,Clay Loam,0.116,0.39,0.057,1.18,1.66,0,20.5,27.4,52.1,Clay,0.098,0.369,0.045,1.22,1.71,0.1,37.2,19.6,43.1,Clay,19940101,20991231
133,KIN2,Kingfisher,Kingfisher,1,W,Kingfisher,35.854310,-97.954420,323,Central,STANDARD,0.041,0.348,0.165,1.37,1.57,0,54.7,26.4,18.9,Sandy Loam,0.043,0.349,0.161,1.37,0.047,0.354,0.153,1.36,1.59,0.1,52.7,21.4,25.8,Sandy Clay Loam,0.104,0.359,0.143,1.26,1.65,0,2.9,58.8,38.3,Silty Clay Loam,0.086,0.372,0.099,1.3,1.59,0,0.5,65.9,33.6,Silty Clay Loam,20090306,20991231
54,KING,Kingfisher,Kingfisher,2,NE,Kingfisher,35.880500,-97.911210,319,Central,STANDARD,-999,-999,-999,-999,-999,-999,-999,-999,-999,-999,-999,-999,-999,-999,-999,-999,-999,-999,-999,-999,-999,-999,-999,-999,-999,-999,-999,-999,-999,-999,-999,-999,-999,-999,-999,-999,-999,-999,-999,-999,-999,-999,-999,-999,19940101,20090305
55,LAHO,Lahoma,Lahoma,1,WSW,Major,36.384350,-98.111390,396,North Central,CONTINUITY,0.056,0.395,0.076,1.43,1.37,0,21.3,59.8,18.9,Silt Loam,0.062,0.398,0.081,1.4,0.083,0.405,0.096,1.32,1.44,0,13.2,53.9,33,Silty Clay Loam,0.097,0.371,0.11,1.26,1.62,0,12.6,51.3,36.1,Silty Clay Loam,0.093,0.391,0.103,1.29,1.53,0,8,57.3,34.7,Silty Clay Loam,19940101,20991231
56,LANE,Lane,Lane,1,WNW,Atoka,34.308760,-95.997160,181,South Central,STANDARD,0.042,0.389,0.061,1.52,1.3,0,37.8,51.5,10.7,Silt Loam,0.04,0.38,0.068,1.5,0.028,0.354,0.096,1.44,1.45,0,46.8,41.3,11.9,Loam,0.032,0.345,0.088,1.44,1.51,0,48,41.4,10.7,Loam,0.069,0.353,0.032,1.45,1.68,0,42.2,39,18.9,Loam,19940101,20991231
57,MADI,Madill,Lebanon,4.5,NNW,Marshall,34.035790,-96.943940,232,South Central,STANDARD,0.034,0.351,0.113,1.41,1.49,0,57.5,37.5,5,Sandy Loam,0.033,0.349,0.135,1.4,0.029,0.342,0.22,1.41,1.52,0,56.2,37.5,6.3,Sandy Loam,0.067,0.343,0.153,1.31,1.68,0,48.4,30.2,21.4,Loam,0.068,0.34,0.135,1.31,1.68,0,33.5,45.2,21.3,Loam,19940101,20991231
58,MANG,Mangum,Mangum,5,SE,Greer,34.835920,-99.423980,460,Southwest,STANDARD,0.017,0.363,0.407,1.66,1.52,0,88.7,5,6.3,Sand,0.018,0.358,0.412,1.7,0.02,0.342,0.422,1.8,1.63,0,90.3,4.7,5,Sand,0.03,0.33,0.415,1.79,1.7,0,88.3,4.2,7.5,Loamy Sand,0.03,0.346,0.42,1.9,1.61,0,86.6,6.3,7.1,Loamy Sand,19940101,20991231
59,MARE,Marena,Coyle,7,N,Payne,36.064340,-97.212710,327,Central,STANDARD,0.074,0.363,0.041,1.4,1.63,0,38.6,35.2,26.3,Loam,0.073,0.369,0.047,1.39,0.072,0.389,0.065,1.36,1.51,0,42.3,32,25.7,Loam,0.09,0.37,0.078,1.24,1.66,0,40.3,24.6,35.1,Clay Loam,0.08,0.342,0.078,1.26,1.73,0,38,31,31,Clay Loam,19940101,20991231
60,MARS,Marshall,Marshall,3,SSE,Logan,36.118600,-97.601400,315,Central,STANDARD,-999,-999,-999,-999,-999,-999,-999,-999,-999,-999,-999,-999,-999,-999,-999,-999,-999,-999,-999,-999,-999,-999,-999,-999,-999,-999,-999,-999,-999,-999,-999,-999,-999,-999,-999,-999,-999,-999,-999,-999,-999,-999,-999,-999,19940101,20030923
61,MAYR,May Ranch,Freedom,16,NNE,Woods,36.987070,-99.011090,555,North Central,STANDARD,0.054,0.355,0.063,1.42,1.58,0,44.2,34.3,21.6,Loam,0.056,0.362,0.06,1.42,0.063,0.386,0.052,1.44,1.47,0,41.9,32.6,25.5,Loam,0.121,0.408,0.09,1.2,1.56,0,14.3,41.6,44.2,Silty Clay,0.113,0.399,0.092,1.22,1.57,0,17,41.5,41.5,Silty Clay,19940101,20991231
62,MCAL,McAlester,McAlester,4,S,Pittsburg,34.882310,-95.780960,230,East Central,STANDARD,0.028,0.391,0.306,1.45,1.32,0,66.2,25,8.8,Sandy Loam,0.047,0.397,0.235,1.4,0.111,0.419,0.11,1.22,1.51,0,29.5,27.3,43.2,Clay,0.088,0.368,0.099,1.22,1.7,0,53.6,10.8,35.6,Sandy Clay,0.08,0.361,0.123,1.25,1.7,0,58.3,10.1,31.6,Sandy Clay Loam,19940101,20991231
63,MEDF,Medford,Medford,1,SW,Grant,36.792420,-97.745770,332,North Central,STANDARD,0.064,0.428,0.04,1.59,1.25,0,15.9,66.4,17.7,Silt Loam,0.069,0.424,0.044,1.53,0.085,0.409,0.063,1.36,1.46,0,13,60.8,26.2,Silt Loam,0.186,0.429,0.142,1.13,1.55,0,4.5,45.1,50.4,Silty Clay,0.13,0.384,0.067,1.25,1.68,0,6.4,45.5,48.1,Silty Clay,19940101,20991231
64,MEDI,Medicine Park,Medicine Park,3,W,Comanche,34.729210,-98.569360,487,Southwest,STANDARD,0.051,0.337,0.086,1.35,1.7,0,63.6,18.9,17.6,Sandy Loam,0.05,0.345,0.112,1.34,0.049,0.374,0.226,1.37,1.57,0.1,76.2,5.6,18.1,Sandy Loam,0.094,0.374,0.04,1.22,1.72,0,58.3,5.7,36.1,Sandy Clay,-999,-999,-999,-999,-999,-999,-999,-999,-999,-999,19940101,20991231
65,MIAM,Miami,Miami,2,NE,Ottawa,36.888320,-94.844370,247,Northeast,STANDARD,0.053,0.413,0.038,1.65,1.2,0,15.6,60.5,23.9,Silt Loam,0.052,0.402,0.038,1.65,0.048,0.373,0.043,1.6,1.43,0,23.4,62.2,14.4,Silt Loam,0.142,0.491,0.037,1.22,1.38,0,9.5,28,62.5,Clay,0.14,0.431,0.029,1.22,1.51,0,3.8,41,55.3,Silty Clay,19940101,20991231
66,MINC,Minco,Minco,2,SSW,Grady,35.272250,-97.955530,430,Central,STANDARD,0.064,0.382,0.058,1.43,1.5,0,18.7,61.1,20.2,Silt Loam,0.064,0.378,0.055,1.44,0.064,0.369,0.045,1.47,1.59,0,14.1,68.2,17.7,Silt Loam,0.064,0.306,0.044,1.3,1.93,0,12.6,74.2,13.2,Silt Loam,-999,-999,-999,-999,-999,-999,-999,-999,-999,-999,19940101,20991231
125,MRSH,Marshall,Marshall,4,SSE,Logan,36.116850,-97.606850,311,Central,STANDARD,0.073,0.427,0.031,1.63,1.32,0.1,19.9,63,17,Silt Loam,0.085,0.437,0.035,1.53,0.121,0.462,0.061,1.28,1.38,0,8.3,52.9,38.8,Silty Clay Loam,0.13,0.393,0.088,1.16,1.64,0,11.4,47.8,40.8,Silty Clay,0.141,0.384,0.109,1.15,1.67,0,13,47.6,39.4,Silty Clay Loam,20030925,20991231
67,MTHE,Mt Herman,Smithville,16,SW,McCurtain,34.310720,-94.822750,284,Southeast,STANDARD,0.042,0.371,0.106,1.4,1.44,0,46.6,44,9.4,Loam,0.041,0.356,0.099,1.41,0.034,0.315,0.084,1.44,1.68,0,44.2,46.4,9.4,Loam,0.073,0.354,0.093,1.3,1.65,0,36.3,37.2,26.5,Loam,0.075,0.353,0.091,1.29,1.66,0,36.9,34.7,28.4,Clay Loam,19940101,20991231
68,NEWK,Newkirk,Newkirk,8,E,Kay,36.898100,-96.910350,366,North Central,STANDARD,0.088,0.407,0.071,1.33,1.47,0,13.6,56.6,29.9,Silty Clay Loam,0.089,0.414,0.069,1.34,0.091,0.435,0.061,1.37,1.34,0,14.9,47.4,37.7,Silty Clay Loam,0.094,0.422,0.055,1.37,1.41,0.1,5.1,55.1,39.7,Silty Clay Loam,0.091,0.393,0.046,1.37,1.53,0.1,8.7,54.2,37,Silty Clay Loam,19940101,20991231
123,NEWP,Newport,Ardmore,7,WNW,Carter,34.228100,-97.201420,283,South Central,STANDARD,0.046,0.373,0.033,1.69,1.43,0,53.6,41.4,5,Sandy Loam,0.04,0.364,0.059,1.51,0.038,0.352,0.318,1.53,1.54,0,69.3,21.3,9.4,Sandy Loam,-999,-999,-999,-999,-999,-999,-999,-999,-999,-999,-999,-999,-999,-999,-999,-999,-999,-999,-999,-999,20021003,20991231
109,NINN,Ninnekah,Ninnekah,2,NNW,Grady,34.967740,-97.952020,356,Central,STANDARD,0.059,0.414,0.084,1.39,1.32,0,43.8,36.6,19.6,Loam,0.058,0.407,0.097,1.37,0.058,0.384,0.15,1.35,1.45,0,43.9,34,22.1,Loam,0.087,0.426,0.14,1.3,1.38,0,29.1,33.6,37.4,Clay Loam,0.096,0.371,0.108,1.24,1.64,0,33.4,31.1,35.6,Clay Loam,19940101,20171011
69,NORM,Norman,Norman,3,NW,Cleveland,35.255600,-97.483600,360,Central,SUPER,-999,-999,-999,-999,-999,-999,-999,-999,-999,-999,-999,-999,-999,-999,-999,-999,-999,-999,-999,-999,-999,-999,-999,-999,-999,-999,-999,-999,-999,-999,-999,-999,-999,-999,-999,-999,-999,-999,-999,-999,-999,-999,-999,-999,19940101,20020730
70,NOWA,Nowata,Delaware,3,SE,Nowata,36.743740,-95.607950,206,Northeast,STANDARD,0.079,0.428,0.023,1.72,1.33,0,22,59.2,18.9,Silt Loam,0.078,0.417,0.022,1.73,0.074,0.386,0.02,1.72,1.52,0,18.1,59.9,22.1,Silt Loam,0.106,0.429,0.048,1.33,1.45,0,15.2,45.9,39,Silty Clay Loam,0.119,0.471,0.099,1.24,1.33,0,10,38.3,51.7,Clay,19940101,20991231
121,NRMN,Norman,Norman,2.1,NW,Cleveland,35.236110,-97.464880,357,Central,STANDARD,0.102,0.431,0.043,1.38,1.41,0,8.3,49,42.7,Silty Clay,0.094,0.431,0.062,1.35,0.078,0.433,0.153,1.34,1.27,0,17.7,48.4,33.9,Silty Clay Loam,0.126,0.371,0.071,1.24,1.71,0,12.5,41.5,46,Silty Clay,0.126,0.387,0.072,1.16,1.66,0,17,39.6,43.4,Clay,20020701,20991231
71,OILT,Oilton,Oilton,6,ESE,Creek,36.031260,-96.497490,255,Central,CONTINUITY,0.059,0.335,0.034,1.47,1.73,0,45.8,40.3,13.9,Loam,0.056,0.337,0.046,1.43,0.048,0.346,0.105,1.36,1.61,0,52.1,34,13.9,Sandy Loam,0.052,0.369,0.154,1.36,1.5,0,48.3,35.3,16.4,Loam,0.062,0.357,0.064,1.38,1.61,0,41.9,35.4,22.7,Loam,19940101,20991231
130,OKCE,Oklahoma City East,Oklahoma City,3,E,Oklahoma,35.472260,-97.464140,355,Central,STANDARD,0.053,0.375,0.115,1.37,1.46,0,37.3,37,25.7,Loam,0.047,0.378,0.152,1.37,0.036,0.396,0.324,1.46,1.39,0,76.2,8.8,15,Sandy Loam,0.037,0.298,0.144,1.34,1.85,0,73.1,14.4,12.5,Sandy Loam,0.034,0.358,0.337,1.51,1.56,0,83.7,7.5,8.8,Loamy Sand,20070420,20991231
128,OKCN,Oklahoma City North,Oklahoma City,6.1,N,Oklahoma,35.555600,-97.510700,362,Central,STANDARD,0.1,0.465,0.034,1.5,1.25,0,15.7,52.5,31.9,Silty Clay Loam,0.095,0.44,0.063,1.35,0.129,0.439,0.096,1.2,1.47,0.1,7.5,43.5,48.9,Silty Clay,0.13,0.42,0.08,1.17,1.56,0,10,38.8,51.2,Clay,-999,-999,-999,-999,-999,-999,-999,-999,-999,-999,20070303,20180507
129,OKCW,Oklahoma City West,Oklahoma City,3.7,W,Oklahoma,35.471120,-97.582450,366,Central,STANDARD,0.105,0.436,0.06,1.3,1.43,0.1,26.3,42.9,30.7,Clay Loam,0.099,0.421,0.054,1.32,0.081,0.379,0.038,1.41,1.58,0,27,48,25,Loam,0.07,0.369,0.049,1.41,1.61,0.1,21.6,59.2,19.1,Silt Loam,0.08,0.356,0.027,1.41,1.73,0.1,16.5,62.4,21,Silt Loam,20070406,20150609
72,OKEM,Okemah,Okemah,3,E,Okfuskee,35.431720,-96.262650,263,Central,STANDARD,0.06,0.365,0.071,1.39,1.53,0,27.3,49.3,23.4,Loam,0.072,0.371,0.072,1.35,0.112,0.385,0.076,1.21,1.63,0,13,39.7,47.3,Clay,0.132,0.363,0.074,1.22,1.76,0.1,10,39.8,50.1,Clay,0.132,0.349,0.073,1.21,1.81,0,10.4,40.3,49.3,Silty Clay,19940101,20991231
73,OKMU,Okmulgee,Morris,3,SW,Okmulgee,35.582110,-95.914730,205,East Central,STANDARD,0.063,0.409,0.044,1.54,1.36,0,15.9,66.5,17.6,Silt Loam,0.071,0.414,0.045,1.5,0.098,0.43,0.05,1.37,1.42,0,9.9,59.2,30.9,Silty Clay Loam,0.129,0.378,0.067,1.15,1.7,0,5,53.4,41.6,Silty Clay,0.116,0.356,0.052,1.29,1.75,0,3.6,60.1,36.3,Silty Clay Loam,19940101,20991231
74,PAUL,Pauls Valley,Pauls Valley,1,SSW,Garvin,34.715500,-97.229240,291,South Central,STANDARD,0.047,0.404,0.116,1.4,1.27,0,23.3,60.4,16.3,Silt Loam,0.049,0.405,0.123,1.39,0.054,0.409,0.145,1.37,1.27,0,19.5,58.9,21.6,Silt Loam,0.06,0.381,0.075,1.4,1.45,0,19.2,57.5,23.3,Silt Loam,0.083,0.369,0.039,1.38,1.63,0,18.3,53.2,28.5,Silty Clay Loam,19940101,20991231
75,PAWN,Pawnee,Pawnee,3,ENE,Pawnee,36.361140,-96.769860,283,Northeast,STANDARD,0.12,0.504,0.083,1.28,1.2,0.1,11.2,50.5,38.2,Silty Clay Loam,0.124,0.503,0.081,1.27,0.136,0.496,0.074,1.22,1.31,0,10.2,43.6,46.2,Silty Clay,0.133,0.453,0.068,1.19,1.47,0,9.7,36.7,53.7,Clay,-999,-999,-999,-999,-999,-999,-999,-999,-999,-999,19940101,20991231
76,PERK,Perkins,Perkins,2,NNW,Payne,35.998650,-97.048310,292,Central,STANDARD,0.038,0.418,0.191,1.37,1.17,0,43.3,40.9,15.8,Loam,0.041,0.401,0.165,1.38,0.051,0.349,0.111,1.36,1.58,0,39.2,37.4,23.4,Loam,0.077,0.37,0.131,1.3,1.58,0,34.9,37,28.1,Clay Loam,0.081,0.355,0.047,1.31,1.69,0,38.6,30.7,30.7,Clay Loam,19940101,20991231
118,PORT,Porter,Clarksville,2.5,W,Wagoner,35.825700,-95.559760,193,Northeast,STANDARD,0.043,0.333,0.106,1.37,1.64,0,53.1,34.1,12.8,Sandy Loam,0.044,0.336,0.109,1.37,0.049,0.345,0.112,1.36,1.61,0,47.6,36.3,16.1,Loam,0.061,0.361,0.131,1.33,1.58,0,45.2,34.3,20.5,Loam,0.053,0.362,0.143,1.35,1.55,0,51.2,31.9,16.9,Loam,19991105,20991231
114,PRES,Preston,Preston,1,N,Okmulgee,35.724700,-95.988600,300,East Central,STANDARD,-999,-999,-999,-999,-999,-999,-999,-999,-999,-999,-999,-999,-999,-999,-999,-999,-999,-999,-999,-999,-999,-999,-999,-999,-999,-999,-999,-999,-999,-999,-999,-999,-999,-999,-999,-999,-999,-999,-999,-999,-999,-999,-999,-999,19960619,20000120
77,PRYO,Pryor,Adair,5,S,Mayes,36.369140,-95.271380,201,Northeast,STANDARD,0.063,0.425,0.028,1.74,1.23,0,14.9,66.2,18.9,Silt Loam,0.065,0.42,0.032,1.65,0.071,0.402,0.052,1.44,1.4,0,15.8,55.1,29.1,Silty Clay Loam,0.142,0.436,0.046,1.16,1.5,0,2.5,33.8,63.7,Clay,0.137,0.439,0.062,1.15,1.53,0,5.3,36.3,58.4,Clay,19940101,20991231
78,PUTN,Putnam,Putnam,3,N,Dewey,35.899040,-98.960380,589,West Central,STANDARD,0.053,0.386,0.101,1.39,1.4,0,31.6,44.3,24.1,Loam,0.056,0.378,0.092,1.39,0.065,0.355,0.067,1.37,1.6,0,24,48.2,27.9,Clay Loam,0.082,0.425,0.156,1.33,1.32,0,21,49.1,30,Clay Loam,0.084,0.41,0.088,1.32,1.43,0,21.8,45.5,32.7,Clay Loam,19940101,20991231
79,REDR,Red Rock,Red Rock,7,SSE,Noble,36.355900,-97.153060,293,North Central,STANDARD,0.071,0.383,0.053,1.41,1.5,0,28.7,42.3,29,Clay Loam,0.082,0.398,0.057,1.37,0.114,0.446,0.07,1.26,1.42,0,15.2,38.2,46.6,Clay,0.13,0.378,0.095,1.15,1.69,0,14.6,33.7,51.8,Clay,0.121,0.358,0.047,1.16,1.7,0,13.7,34.8,51.5,Clay,19940101,20991231
80,RETR,Retrop,Willow,10,ENE,Washita,35.122750,-99.360010,538,West Central,STANDARD,0.076,0.405,0.175,1.35,1.4,0,29,38.1,32.9,Clay Loam,0.081,0.405,0.167,1.33,0.097,0.407,0.147,1.29,1.46,0,20,41.9,38.1,Clay Loam,0.132,0.441,0.166,1.21,1.46,0.1,5.2,32.6,62.1,Clay,0.176,0.468,0.233,1.23,1.37,0,5.8,37.3,56.9,Clay,19940101,20150609
81,RING,Ringling,Ringling,1,N,Jefferson,34.193650,-97.588120,283,South Central,STANDARD,0.038,0.365,0.247,1.41,1.46,0,62.4,27,10.6,Sandy Loam,0.049,0.375,0.207,1.38,0.097,0.41,0.132,1.26,1.5,0,35.3,25.4,39.3,Clay Loam,0.112,0.366,0.133,1.21,1.69,0,29.1,29.1,41.8,Clay,0.106,0.348,0.103,1.19,1.75,0,27.7,31.7,40.6,Clay,19940101,20991231
82,SALL,Sallisaw,Sallisaw,2,SSW,Sequoyah,35.438150,-94.798050,157,East Central,STANDARD,0.061,0.392,0.014,2.09,1.44,0,22.9,61.4,15.7,Silt Loam,0.062,0.384,0.017,1.95,0.052,0.361,0.037,1.61,1.52,0,21.1,60.1,18.8,Silt Loam,0.094,0.375,0.019,1.48,1.65,0,16.1,51.7,32.2,Silty Clay Loam,0.091,0.355,0.015,1.52,1.71,0,16.2,52.3,31.5,Silty Clay Loam,19940101,20991231
83,SEIL,Seiling,Seiling,7,WNW,Woodward,36.190330,-99.040300,545,North Central,STANDARD,0.052,0.408,0.121,1.37,1.31,0,39.2,38,22.8,Loam,0.056,0.403,0.118,1.37,0.067,0.387,0.11,1.34,1.48,0,35.6,34.4,30,Clay Loam,0.054,0.385,0.247,1.43,1.44,0,46.7,26.7,26.7,Sandy Clay Loam,0.05,0.365,0.203,1.38,1.51,0,52.3,28.6,19.1,Sandy Loam,19940101,20991231
143,SEMI,Seminole,Seminole,4,SSW,Seminole,35.176600,-96.700280,292,Central,STANDARD,0.083,0.385,0.037,1.39,1.59,0,43.2,36.4,20.4,Loam,0.074,0.389,0.05,1.39,0.084,0.39,0.101,1.29,1.54,0,41.6,32.7,25.7,Loam,0.117,0.365,0.041,1.17,1.68,0,30.7,24.8,44.5,Clay,0.121,0.353,0.095,1.21,1.77,0,29.4,26.1,44.5,Clay,20181031,20991231
84,SHAW,Shawnee,Shawnee,3,NNW,Pottawatomie,35.364920,-96.948220,328,Central,STANDARD,0.064,0.362,0.031,1.56,1.6,0,23.2,57.9,18.9,Silt Loam,0.062,0.371,0.044,1.49,0.059,0.404,0.121,1.37,1.32,0,17.6,54.5,27.9,Silty Clay Loam,0.127,0.367,0.082,1.15,1.72,0,10.7,43.1,46.3,Silty Clay,0.119,0.337,0.04,1.16,1.76,0,9.1,44.8,46.1,Silty Clay,19940101,20991231
85,SKIA,Skiatook,Skiatook,4,NW,Osage,36.415300,-96.037060,282,Northeast,STANDARD,0.035,0.421,0.142,1.38,1.19,0,64.2,24.5,11.3,Sandy Loam,0.034,0.405,0.159,1.38,0.032,0.358,0.237,1.41,1.49,0,64.3,23.8,11.9,Sandy Loam,0.099,0.39,0.059,1.23,1.63,0,42.7,15.9,41.4,Clay,0.074,0.354,0.052,1.31,1.7,0,51.4,17.9,30.7,Sandy Clay Loam,19940101,20991231
86,SLAP,Slapout,Slapout,8,W,Beaver,36.597490,-100.261920,774,Panhandle,STANDARD,0.04,0.343,0.424,1.86,1.68,0,88.1,0,11.9,Loamy Sand,0.041,0.345,0.379,1.65,0.048,0.354,0.235,1.38,1.64,0,73,7.5,19.5,Sandy Loam,0.038,0.327,0.27,1.42,1.75,0,78.1,4.4,17.5,Sandy Loam,0.057,0.348,0.029,1.59,1.63,0,46.6,28.9,24.5,Loam,19940101,20991231
87,SPEN,Spencer,Spencer,2,ENE,Oklahoma,35.542080,-97.341460,373,Central,STANDARD,0.038,0.391,0.219,1.37,1.43,0,74.2,9.4,16.4,Sandy Loam,0.051,0.383,0.167,1.34,0.094,0.351,0.057,1.2,1.76,0,39.8,19.2,41,Clay,0.079,0.352,0.101,1.23,1.75,0,56.6,7.7,35.7,Sandy Clay,-999,-999,-999,-999,-999,-999,-999,-999,-999,-999,19940101,20991231
88,STIG,Stigler,Stigler,3,WNW,Haskell,35.265270,-95.181160,173,East Central,STANDARD,0.053,0.32,0.019,1.71,1.83,0,21.9,65.5,12.6,Silt Loam,0.054,0.329,0.017,1.79,0.048,0.355,0.014,2.02,1.64,0,19.6,66.6,13.8,Silt Loam,0.102,0.317,0.062,1.26,1.86,0,15.3,54.8,29.9,Silty Clay Loam,0.118,0.332,0.062,1.24,1.83,0,11.1,50.5,38.4,Silty Clay Loam,19940101,20991231
89,STIL,Stillwater,Stillwater,2,W,Payne,36.120930,-97.095270,272,Central,STANDARD,0.115,0.465,0.138,1.27,1.3,0,15.7,49.6,34.8,Silty Clay Loam,0.106,0.443,0.112,1.27,0.084,0.375,0.057,1.33,1.6,0,24.9,47.1,28,Clay Loam,0.075,0.371,0.071,1.33,1.58,0,29.4,42,28.6,Clay Loam,0.117,0.358,0.053,1.16,1.7,0,25.2,29.7,45.1,Clay,19940101,20991231
90,STUA,Stuart,Stuart,3,SE,Pittsburg,34.876420,-96.069820,256,East Central,STANDARD,0.023,0.35,0.207,1.39,1.54,0.1,82.6,14.4,2.9,Loamy Sand,0.014,0.406,0.354,1.45,0.02,0.349,0.328,1.51,1.53,0,75.4,19.2,5.4,Loamy Sand,0.049,0.312,0.102,1.3,1.84,0,74.4,9.2,16.4,Sandy Loam,-999,-999,-999,-999,-999,-999,-999,-999,-999,-999,19940101,20991231
91,SULP,Sulphur,Sulphur,4,NNE,Murray,34.566100,-96.950480,320,South Central,STANDARD,0.078,0.509,0.285,1.4,0.98,0,43.3,22.8,33.9,Clay Loam,0.081,0.501,0.262,1.37,0.092,0.473,0.196,1.31,1.24,0,38.9,19.1,42,Clay,0.069,0.405,0.259,1.43,1.42,0,50.7,19,30.3,Sandy Clay Loam,0.055,0.39,0.287,1.51,1.4,0,48.2,26.5,25.3,Sandy Clay Loam,19940101,20991231
92,TAHL,Tahlequah,Tahlequah,4,N,Cherokee,35.972350,-94.986710,290,East Central,STANDARD,0.039,0.443,0.144,1.39,1.01,0,25.8,61.6,12.6,Silt Loam,0.042,0.431,0.114,1.41,0.052,0.402,0.056,1.51,1.3,0,21.4,60.4,18.2,Silt Loam,-999,-999,-999,-999,-999,-999,-999,-999,-999,-999,-999,-999,-999,-999,-999,-999,-999,-999,-999,-999,19940101,20991231
138,TALA,Talala,Talala,3.9,NW,Rogers,36.574310,-95.745150,228,Northeast,STANDARD,0.072,0.428,0.027,1.68,1.3,0.1,30.1,54.6,15.2,Silt Loam,0.062,0.399,0.077,1.4,0.076,0.423,0.073,1.37,1.35,0,30,45.7,24.3,Loam,0.122,0.48,0.112,1.23,1.3,0,16,35.6,48.4,Clay,-999,-999,-999,-999,-999,-999,-999,-999,-999,-999,20140922,20991231
93,TALI,Talihina,Talihina,4,SE,LeFlore,34.710700,-95.011520,204,Southeast,CONTINUITY,0.049,0.392,0.076,1.43,1.36,0,45.4,35.8,18.8,Loam,0.059,0.407,0.071,1.42,0.095,0.457,0.065,1.33,1.31,0,23.4,27.2,49.4,Clay,-999,-999,-999,-999,-999,-999,-999,-999,-999,-999,-999,-999,-999,-999,-999,-999,-999,-999,-999,-999,19940101,20991231
94,TIPT,Tipton,Tipton,4,S,Tillman,34.439720,-99.137550,387,Southwest,STANDARD,0.05,0.37,0.104,1.38,1.48,0,42.6,41.6,15.8,Loam,0.05,0.365,0.109,1.37,0.05,0.349,0.128,1.36,1.58,0.1,43.9,38.4,17.6,Loam,0.055,0.383,0.15,1.36,1.45,0,43.1,35.4,21.5,Loam,0.059,0.352,0.081,1.36,1.61,0,42.1,34.6,23.3,Loam,19940101,20991231
95,TISH,Tishomingo,Tishomingo,6,N,Johnston,34.332620,-96.678950,268,South Central,STANDARD,0.057,0.369,0.039,1.55,1.51,0,32,50.4,17.6,Silt Loam,0.065,0.374,0.037,1.51,0.091,0.388,0.033,1.39,1.58,0,27.4,43.6,29,Clay Loam,0.132,0.358,0.083,1.2,1.78,0,15.9,33.1,51,Clay,0.128,0.34,0.081,1.2,1.83,0,18.7,33.9,47.4,Clay,19940101,20991231
96,TULL,Tullahassee,Tullahassee,2,ENE,Wagoner,35.839700,-95.413300,189,Northeast,STANDARD,-999,-999,-999,-999,-999,-999,-999,-999,-999,-999,-999,-999,-999,-999,-999,-999,-999,-999,-999,-999,-999,-999,-999,-999,-999,-999,-999,-999,-999,-999,-999,-999,-999,-999,-999,-999,-999,-999,-999,-999,-999,-999,-999,-999,19940101,19991104
137,TULN,Tulsa,Tulsa,4.2,NE,Tulsa,36.196660,-95.938830,209,Northeast,STANDARD,0.087,0.466,0.032,1.58,1.17,0,27.3,48.8,23.9,Loam,0.088,0.393,0.042,1.39,0.079,0.351,0.031,1.4,1.7,0,23.1,47.7,29.2,Clay Loam,0.125,0.388,0.04,1.19,1.62,0,15,39.9,45.1,Clay,0.078,0.28,0.034,1.25,1.91,0,21.3,49.5,29.2,Clay Loam,20130626,20991231
140,VALL,Valliant,Valliant,5,SSW,McCurtain,33.938606,-95.114913,120,Southeast,STANDARD,0.068,0.311,0.008,1.96,1.83,0,37.6,54.9,7.6,Silt Loam,0.042,0.336,0.05,1.53,0.039,0.33,0.073,1.45,1.63,0,42.5,51.2,6.3,Silt Loam,0.056,0.333,0.05,1.41,1.72,0,35.4,49.9,14.7,Loam,0.098,0.385,0.045,1.29,1.61,0,27.7,34.7,37.6,Clay Loam,20151014,20991231
115,VANO,Vanoss,Vanoss,2.4,NE,Pontotoc,34.791460,-96.843810,320,South Central,STANDARD,0.054,0.356,0.078,1.38,1.59,0,52.8,29.6,17.6,Sandy Loam,0.071,0.368,0.079,1.32,0.128,0.39,0.078,1.14,1.66,0,28,27.4,44.6,Clay,0.136,0.466,0.075,1.16,1.45,0.1,23.5,26.1,50.3,Clay,0.136,0.387,0.027,1.15,1.63,0,21.5,27.5,51.1,Clay,19980617,20121101
97,VINI,Vinita,Centralia,7,E,Craig,36.775360,-95.220940,236,Northeast,STANDARD,0.073,0.383,0.032,1.53,1.55,0,15.6,64.1,20.3,Silt Loam,0.069,0.384,0.04,1.49,0.057,0.392,0.083,1.4,1.38,0,25.4,49.9,24.7,Loam,0.125,0.465,0.174,1.24,1.35,0,15.3,29.1,55.6,Clay,0.128,0.47,0.058,1.23,1.4,0,9.6,31,59.4,Clay,19940101,20991231
136,WAL2,Walters,Walters,4,NW,Cotton,34.399570,-98.345690,323,Southwest,STANDARD,0.038,0.365,0.246,1.4,1.52,0,73.2,15.5,11.3,Sandy Loam,0.038,0.367,0.318,1.49,0.05,0.376,0.291,1.47,1.52,0,70.3,12.3,17.4,Sandy Loam,0.038,0.353,0.361,1.59,1.6,0,81.6,6.5,11.9,Sandy Loam,-999,-999,-999,-999,-999,-999,-999,-999,-999,-999,20120314,20991231
98,WALT,Walters,Walters,1,NW,Cotton,34.364700,-98.320250,308,Southwest,STANDARD,0.104,0.439,0.133,1.28,1.36,0.1,17.8,50.3,31.8,Silty Clay Loam,0.11,0.434,0.128,1.27,0.124,0.416,0.109,1.21,1.53,0,14.1,43.6,42.3,Silty Clay,0.105,0.365,0.048,1.21,1.71,0,21.2,39.1,39.7,Clay Loam,0.117,0.337,0.069,1.16,1.76,0.1,18.6,41,40.3,Silty Clay,19940101,20120313
99,WASH,Washington,Washington,6,SSW,McClain,34.982240,-97.521090,345,Central,STANDARD,0.078,0.386,0.024,1.57,1.54,0,41.2,37.3,21.5,Loam,0.079,0.379,0.03,1.47,0.081,0.358,0.067,1.27,1.69,0.1,43.5,22.2,34.2,Clay Loam,0.082,0.283,0.109,1.23,1.95,0,40.7,37.9,21.5,Loam,0.063,0.309,0.032,1.37,1.87,0,27,52.9,20.1,Silt Loam,19940101,20991231
100,WATO,Watonga,Watonga,7,W,Blaine,35.841850,-98.526150,517,West Central,STANDARD,0.056,0.368,0.083,1.39,1.5,0,33.7,43.9,22.5,Loam,0.058,0.372,0.083,1.39,0.063,0.382,0.083,1.37,1.47,0,28.3,45.1,26.7,Loam,0.067,0.392,0.144,1.35,1.43,0,28.1,42.9,29,Clay Loam,0.078,0.357,0.098,1.29,1.64,0.1,28.3,37.7,33.9,Clay Loam,19940101,20991231
101,WAUR,Waurika,Waurika,0.5,ENE,Jefferson,34.167750,-97.988150,283,South Central,STANDARD,0.04,0.377,0.2,1.37,1.45,0,66.1,20.7,13.2,Sandy Loam,0.046,0.375,0.173,1.36,0.066,0.367,0.101,1.31,1.61,0,53.1,20.9,26,Sandy Clay Loam,0.047,0.347,0.194,1.37,1.61,0,62.2,22.7,15.1,Sandy Loam,0.04,0.312,0.152,1.34,1.77,0,68.5,19.5,12,Sandy Loam,19940101,20991231
102,WEAT,Weatherford,Weatherford,4,WSW,Custer,35.508300,-98.775090,538,West Central,STANDARD,0.063,0.444,0.059,1.48,1.19,0,23.7,61.1,15.3,Silt Loam,0.058,0.441,0.083,1.42,0.053,0.438,0.216,1.38,1.13,0,30.8,49.7,19.5,Loam,0.131,0.508,0.267,1.51,1.02,0,25,65.3,9.7,Silt Loam,-999,-999,-999,-999,-999,-999,-999,-999,-999,-999,19940101,20991231
144,WEB3,Webbers Falls,Webbers Falls,1.2,WNW,Muskogee,35.515148,-95.149933,146,East Central,STANDARD,-999,-999,-999,-999,-999,-999,-999,-999,-999,-999,-999,-999,-999,-999,-999,-999,-999,-999,-999,-999,-999,-999,-999,-999,-999,-999,-999,-999,-999,-999,-999,-999,-999,-999,-999,-999,-999,-999,-999,-999,-999,-999,-999,-999,20210615,20991231
103,WEBB,Webbers Falls,Webbers Falls,3,S,Muskogee,35.472980,-95.132090,145,East Central,STANDARD,-999,-999,-999,-999,-999,-999,-999,-999,-999,-999,-999,-999,-999,-999,-999,-999,-999,-999,-999,-999,-999,-999,-999,-999,-999,-999,-999,-999,-999,-999,-999,-999,-999,-999,-999,-999,-999,-999,-999,-999,-999,-999,-999,-999,19940101,20080416
132,WEBR,Webbers Falls,Webbers Falls,1.5,S,Muskogee,35.489000,-95.123300,145,East Central,STANDARD,0.056,0.384,0.041,1.57,1.45,0,18.5,65.8,15.7,Silt Loam,0.057,0.384,0.052,1.5,0.062,0.384,0.106,1.37,1.45,0,12.2,64.6,23.2,Silt Loam,0.052,0.39,0.12,1.38,1.36,0,22.3,58.3,19.4,Silt Loam,0.044,0.366,0.148,1.39,1.43,0.1,28.5,57,14.4,Silt Loam,20080417,20210615
104,WEST,Westville,Westville,5,WNW,Adair,36.011000,-94.644960,348,East Central,STANDARD,0.043,0.425,0.066,1.53,1.1,0,18.8,67.9,13.3,Silt Loam,0.045,0.417,0.071,1.5,0.055,0.393,0.096,1.4,1.35,0,11.2,60.7,28.2,Silty Clay Loam,-999,-999,-999,-999,-999,-999,-999,-999,-999,-999,-999,-999,-999,-999,-999,-999,-999,-999,-999,-999,19940101,20991231
105,WILB,Wilburton,Wilburton,2,SW,Latimer,34.900920,-95.348050,199,Southeast,STANDARD,0.055,0.386,0.043,1.54,1.42,0.1,33.1,51.7,15.1,Silt Loam,0.058,0.379,0.043,1.53,0.064,0.356,0.044,1.45,1.62,0,27.8,51.3,20.9,Silt Loam,0.124,0.495,0.156,1.22,1.29,0,17.6,19.8,62.6,Clay,0.141,0.472,0.189,1.21,1.37,0,8.7,27.4,63.9,Clay,19940101,20991231
106,WIST,Wister,Wister,3,ENE,LeFlore,34.984260,-94.687780,143,Southeast,STANDARD,0.072,0.388,0.029,1.59,1.51,0,17.5,61.8,20.8,Silt Loam,0.071,0.389,0.037,1.51,0.071,0.393,0.08,1.37,1.45,0,9.9,61.2,28.9,Silty Clay Loam,0.132,0.496,0.106,1.18,1.34,0,8.8,17.9,73.3,Clay,0.134,0.465,0.096,1.16,1.44,0,4.4,24.9,70.8,Clay,19940101,20991231
107,WOOD,Woodward,Woodward,2,WSW,Woodward,36.423290,-99.416820,625,North Central,STANDARD,0.057,0.4,0.126,1.36,1.37,0,35.3,36.2,28.6,Clay Loam,0.056,0.403,0.133,1.36,0.053,0.411,0.149,1.36,1.3,0,38.2,37,24.9,Loam,0.054,0.405,0.254,1.44,1.3,0,38.9,36.3,24.8,Loam,0.056,0.402,0.27,1.47,1.33,0,42.6,31.9,25.5,Loam,19940101,20991231
108,WYNO,Wynona,Wynona,2,S,Osage,36.518060,-96.342220,269,Northeast,STANDARD,0.08,0.494,0.075,1.39,1.05,0,25.4,48.3,26.3,Loam,0.085,0.481,0.081,1.36,0.101,0.435,0.108,1.27,1.41,0,34.2,37,28.8,Clay Loam,0.1,0.463,0.05,1.37,1.29,0,27.1,35.2,37.7,Clay Loam,0.134,0.389,0.079,1.23,1.69,0,9.8,37.2,53,Clay,19940101,20991231
142,YUKO,Yukon,Yukon,2,N,Canadian,35.556710,-97.755380,407,Central,STANDARD,0.039,0.361,0.238,1.39,1.52,0,75.1,21.1,3.8,Loamy Sand,0.035,0.345,0.255,1.42,0.033,0.336,0.238,1.4,1.65,0,82.7,12.3,5,Loamy Sand,0.053,0.344,0.112,1.32,1.69,0,68.8,13.4,17.8,Sandy Loam,0.05,0.347,0.176,1.34,1.65,0,67.3,17.5,15.3,Sandy Loam,20180618,20991231
